arch/arm64/Makefile:44: LSE atomics not supported by binutils
arch/arm64/Makefile:55: Detected assembler with broken .inst; disassembly will be unreliable
  HOSTCC  scripts/basic/fixdep
  GEN     ./Makefile
  HOSTCC  scripts/kconfig/conf.o
  HOSTCC  scripts/kconfig/zconf.tab.o
  HOSTLD  scripts/kconfig/conf
scripts/kconfig/conf  --syncconfig Kconfig
*
* Restart config...
*
*
* General architecture-dependent options
*
Kprobes (KPROBES) [N/y/?] n
Optimize very unlikely/likely branches (JUMP_LABEL) [Y/n/?] y
  Static key selftest (STATIC_KEYS_SELFTEST) [N/y/?] n
Stack Protector buffer overflow detection (STACKPROTECTOR) [Y/n/?] y
  Strong Stack Protector (STACKPROTECTOR_STRONG) [Y/n/?] y
Link-Time Optimization (LTO) (EXPERIMENTAL)
> 1. None (LTO_NONE)
  2. Use clang Link Time Optimization (LTO) (EXPERIMENTAL) (LTO_CLANG) (NEW)
choice[1-2?]: 1
Clang Shadow Call Stack (SHADOW_CALL_STACK) [N/y/?] (NEW) 
Enable LLVM's polyhedral loop optimizer (Polly) (LLVM_POLLY) [Y/n/?] y
Number of bits to use for ASLR of mmap base address (ARCH_MMAP_RND_BITS) [18] 18
Number of bits to use for ASLR of mmap base address for compatible applications (ARCH_MMAP_RND_COMPAT_BITS) [11] 11
Use a virtually-mapped stack (VMAP_STACK) [Y/n/?] y
Perform full reference count validation at the expense of speed (REFCOUNT_FULL) [Y/?] y
Kernel panic on refcount error detection (PANIC_ON_REFCOUNT_ERROR) [Y/n/?] y
Use RELR relocation packing (RELR) [Y/n/?] y
  UPD     include/config/kernel.release
  GEN     ./Makefile
  WRAP    arch/arm64/include/generated/uapi/asm/ioctl.h
  WRAP    arch/arm64/include/generated/uapi/asm/errno.h
  WRAP    arch/arm64/include/generated/uapi/asm/ioctls.h
  WRAP    arch/arm64/include/generated/uapi/asm/ipcbuf.h
  WRAP    arch/arm64/include/generated/uapi/asm/kvm_para.h
  WRAP    arch/arm64/include/generated/uapi/asm/mman.h
  WRAP    arch/arm64/include/generated/uapi/asm/msgbuf.h
  WRAP    arch/arm64/include/generated/uapi/asm/poll.h
  WRAP    arch/arm64/include/generated/uapi/asm/resource.h
  WRAP    arch/arm64/include/generated/uapi/asm/sembuf.h
  WRAP    arch/arm64/include/generated/uapi/asm/shmbuf.h
  WRAP    arch/arm64/include/generated/uapi/asm/socket.h
  WRAP    arch/arm64/include/generated/uapi/asm/sockios.h
  WRAP    arch/arm64/include/generated/uapi/asm/swab.h
  WRAP    arch/arm64/include/generated/uapi/asm/termbits.h
  WRAP    arch/arm64/include/generated/uapi/asm/termios.h
  WRAP    arch/arm64/include/generated/uapi/asm/types.h
  UPD     include/generated/uapi/linux/version.h
  UPD     include/generated/utsrelease.h
-- KernelSU-Next Git repo detected at: /home/guranotfound/firefly-next/KernelSU-Next
-- KernelSU-Next version: 33189
-- KernelSU-Next tag: v3.2.0-legacy
-- KernelSU-Next Manager signature size: 0x3e6
-- KernelSU-Next Manager signature hash: 79e590113c4c4c0c222978e413a5faa801666957b1212a328e46c00c69821bf7
-- KernelSU-Next: Hook mode: Manual
-- KSU_NEXT: adding function 'static int can_umount(const struct path *path, int flags);' to ../fs/namespace.c
-- KSU_NEXT: adding function 'int path_umount(struct path *path, int flags);' to ../fs/namespace.c
-- KSU_NEXT: adding 'int path_umount(struct path *path, int flags);' to ../fs/internal.h
  Using .. as source for kernel
  WRAP    arch/arm64/include/generated/asm/bugs.h
  WRAP    arch/arm64/include/generated/asm/delay.h
  WRAP    arch/arm64/include/generated/asm/div64.h
  WRAP    arch/arm64/include/generated/asm/dma.h
  WRAP    arch/arm64/include/generated/asm/dma-contiguous.h
  WRAP    arch/arm64/include/generated/asm/early_ioremap.h
  WRAP    arch/arm64/include/generated/asm/emergency-restart.h
  WRAP    arch/arm64/include/generated/asm/irq_regs.h
  WRAP    arch/arm64/include/generated/asm/hw_irq.h
  WRAP    arch/arm64/include/generated/asm/kmap_types.h
  WRAP    arch/arm64/include/generated/asm/kdebug.h
  WRAP    arch/arm64/include/generated/asm/local.h
  WRAP    arch/arm64/include/generated/asm/local64.h
  WRAP    arch/arm64/include/generated/asm/mcs_spinlock.h
  WRAP    arch/arm64/include/generated/asm/mm-arch-hooks.h
  WRAP    arch/arm64/include/generated/asm/msi.h
  WRAP    arch/arm64/include/generated/asm/preempt.h
  WRAP    arch/arm64/include/generated/asm/qrwlock.h
  WRAP    arch/arm64/include/generated/asm/qspinlock.h
  WRAP    arch/arm64/include/generated/asm/segment.h
  WRAP    arch/arm64/include/generated/asm/serial.h
  WRAP    arch/arm64/include/generated/asm/set_memory.h
  WRAP    arch/arm64/include/generated/asm/sizes.h
  WRAP    arch/arm64/include/generated/asm/switch_to.h
  WRAP    arch/arm64/include/generated/asm/unaligned.h
  WRAP    arch/arm64/include/generated/asm/trace_clock.h
  WRAP    arch/arm64/include/generated/asm/user.h
  WRAP    arch/arm64/include/generated/asm/vga.h
  WRAP    arch/arm64/include/generated/asm/xor.h
  HOSTCC  scripts/bin2c
  HOSTCC  scripts/kallsyms
  HOSTCC  scripts/sortextable
  HOSTCC  scripts/asn1_compiler
  HOSTCC  scripts/genksyms/genksyms.o
  HOSTCC  scripts/dtc/dtc.o
  YACC    scripts/genksyms/parse.tab.c
  HOSTCC  scripts/dtc/flattree.o
  CC      scripts/mod/empty.o
  HOSTCC  scripts/selinux/mdp/mdp
  HOSTCC  scripts/selinux/genheaders/genheaders
  HOSTCC  scripts/dtc/fstree.o
  HOSTCC  scripts/mod/mk_elfconfig
  LEX     scripts/genksyms/lex.lex.c
  YACC    scripts/genksyms/parse.tab.h
  CC      scripts/mod/devicetable-offsets.s
  HOSTCC  scripts/genksyms/parse.tab.o
  HOSTCC  scripts/dtc/data.o
  HOSTCC  scripts/dtc/livetree.o
  MKELF   scripts/mod/elfconfig.h
  CC      kernel/bounds.s
  HOSTCC  scripts/extract-cert
  HOSTCC  scripts/mod/modpost.o
  HOSTCC  scripts/dtc/treesource.o
  UPD     include/generated/timeconst.h
  HOSTCC  scripts/dtc/srcpos.o
  HOSTCC  scripts/dtc/checks.o
  HOSTCC  scripts/dtc/util.o
../scripts/mod/modpost.c:808:9: warning: assigning to 'char *' from 'const char *' discards qualifiers [-Wincompatible-pointer-types-discards-qualifiers]
  808 |                         here = strstr(sym, bare);
      |                              ^ ~~~~~~~~~~~~~~~~~
  LEX     scripts/dtc/dtc-lexer.lex.c
  YACC    scripts/dtc/dtc-parser.tab.h
  UPD     scripts/mod/devicetable-offsets.h
  YACC    scripts/dtc/dtc-parser.tab.c
  HOSTCC  scripts/genksyms/lex.lex.o
  HOSTCC  scripts/mod/sumversion.o
  HOSTCC  scripts/mod/file2alias.o
  UPD     include/generated/bounds.h
  CC      arch/arm64/kernel/asm-offsets.s
  HOSTCC  scripts/dtc/dtc-lexer.lex.o
  HOSTCC  scripts/dtc/dtc-parser.tab.o
  HOSTLD  scripts/genksyms/genksyms
  HOSTLD  scripts/dtc/dtc
1 warning generated.
  HOSTLD  scripts/mod/modpost
  UPD     include/generated/asm-offsets.h
  CALL    ../scripts/checksyscalls.sh
  LDS     arch/arm64/kernel/vdso/vdso.lds
  AS      arch/arm64/kernel/vdso/note.o
  CC      arch/arm64/kernel/vdso/vgettimeofday.o
  AS      arch/arm64/kernel/vdso/sigreturn.o
  LD      arch/arm64/kernel/vdso/vdso.so.dbg
egrep: warning: egrep is obsolescent; using grep -E
  VDSOSYM include/generated/vdso-offsets.h
  LDS     arch/arm64/kernel/vdso32/vdso.lds
  CC32    arch/arm64/kernel/vdso32/note.o
  AS32    arch/arm64/kernel/vdso32/sigreturn.o
  HOSTCC  arch/arm64/kernel/vdso32/../../../arm/vdso/vdsomunge
  CC32    arch/arm64/kernel/vdso32/vgettimeofday.o
  LD32    arch/arm64/kernel/vdso32/vdso.so.raw
egrep: warning: egrep is obsolescent; using grep -E
  MUNGE   arch/arm64/kernel/vdso32/vdso.so.dbg
  VDSOSYM include/generated/vdso32-offsets.h
  CHK     include/generated/compile.h
  CC      init/main.o
  CC      init/do_mounts.o
  CC      init/do_mounts_rd.o
  CC      init/do_mounts_initrd.o
  CC      init/do_mounts_dm.o
  CC      init/noinitramfs.o
  CC      init/initramfs.o
  CC      init/calibrate.o
  CC      init/init_task.o
  UPD     include/generated/compile.h
  CC      init/version.o
  HOSTCC  usr/gen_init_cpio
  CC      arch/arm64/kernel/probes/uprobes.o
  GEN     usr/initramfs_data.cpio
  CC      arch/arm64/kernel/probes/decode-insn.o
  AS      usr/initramfs_data.o
  AR      usr/built-in.a
  CC      arch/arm64/kernel/probes/simulate-insn.o
  OBJCOPY arch/arm64/kernel/vdso/vdso.so
  AS      arch/arm64/kernel/vdso/vdso.o
  AR      arch/arm64/kernel/vdso/built-in.a
  CC      arch/arm64/mm/dma-mapping.o
  CC      arch/arm64/mm/extable.o
  CC      arch/arm64/mm/fault.o
  CC      arch/arm64/net/bpf_jit_comp.o
  CC      arch/arm64/mm/init.o
  CC      arch/arm64/kernel/debug-monitors.o
  AS      arch/arm64/kernel/entry.o
  OBJCOPY arch/arm64/kernel/vdso32/vdso.so
  AS      arch/arm64/kernel/vdso32/vdso.o
  AR      arch/arm64/kernel/probes/built-in.a
  CC      arch/arm64/kernel/irq.o
  CC      arch/arm64/kernel/fpsimd.o
  AR      arch/arm64/kernel/vdso32/built-in.a
  AS      arch/arm64/mm/cache.o
  CC      arch/arm64/crypto/sha1-ce-glue.o
  AS      arch/arm64/crypto/sha1-ce-core.o
  CC      arch/arm64/crypto/sha2-ce-glue.o
  AS      arch/arm64/crypto/sha2-ce-core.o
  CC      arch/arm64/crypto/ghash-ce-glue.o
  AS      arch/arm64/kernel/entry-fpsimd.o
  CC      arch/arm64/kernel/process.o
  CC      arch/arm64/kernel/ptrace.o
  AR      init/built-in.a
  CC      arch/arm64/kernel/setup.o
  CC      arch/arm64/kernel/signal.o
  CC      kernel/cgroup/cgroup.o
  CC      arch/arm64/mm/copypage.o
  CC      kernel/bpf/core.o
  CC      arch/arm64/mm/flush.o
  CC      certs/system_keyring.o
  EXTRACT_CERTS   
  CC      arch/arm64/mm/ioremap.o
  AR      arch/arm64/net/built-in.a
  CC      arch/arm64/mm/mmap.o
  AS      arch/arm64/crypto/ghash-ce-core.o
  AS      arch/arm64/crypto/aes-ce-core.o
  CC      arch/arm64/crypto/aes-ce-glue.o
  AS      certs/system_certificates.o
  AR      certs/built-in.a
  CC      arch/arm64/mm/pgd.o
  CC      kernel/dma/mapping.o
  CC      kernel/dma/contiguous.o
  CC      kernel/dma/coherent.o
  CC      kernel/cgroup/rstat.o
  CC      kernel/cgroup/namespace.o
  CC      kernel/events/core.o
  CC      mm/kfence/core.o
  CC      arch/arm64/crypto/aes-ce-ccm-glue.o
  CC      arch/arm64/kernel/sys.o
  CC      arch/arm64/mm/mmu.o
  CC      mm/kfence/report.o
  AS      arch/arm64/crypto/aes-ce-ccm-core.o
  CC      kernel/dma/removed.o
  CC      kernel/cgroup/cgroup-v1.o
  CC      kernel/events/ring_buffer.o
  CC      fs/configfs/inode.o
  CC      arch/arm64/kernel/stacktrace.o
  CC      arch/arm64/crypto/aes-glue-ce.o
  CC      kernel/bpf/syscall.o
  CC      fs/crypto/crypto.o
  AR      mm/kfence/built-in.a
  CC      mm/filemap.o
  CC      arch/arm64/mm/context.o
  CC      fs/configfs/file.o
  CC      kernel/dma/direct.o
  CC      arch/arm64/kernel/time.o
  AS      arch/arm64/crypto/aes-ce.o
  CC      arch/arm64/crypto/aes-glue-neon.o
  CC      fs/crypto/fname.o
  CC      kernel/irq/irqdesc.o
  CC      fs/configfs/dir.o
  CC      kernel/bpf/verifier.o
  AS      arch/arm64/mm/proc.o
  CC      arch/arm64/mm/pageattr.o
  CC      arch/arm64/kernel/traps.o
  CC      kernel/dma/swiotlb.o
  CC      kernel/irq/handle.o
  CC      fs/crypto/hkdf.o
  AS      arch/arm64/crypto/aes-neon.o
  CC      arch/arm64/crypto/sha256-glue.o
  CC      kernel/cgroup/freezer.o
  CC      fs/configfs/symlink.o
  AR      arch/arm64/mm/built-in.a
  CC      arch/arm64/kernel/io.o
  CC      kernel/bpf/inode.o
  CC      fs/crypto/hooks.o
  CC      fs/configfs/mount.o
  CC      kernel/irq/manage.o
  CC      mm/mempool.o
  CC      arch/arm64/kernel/vdso.o
  AR      kernel/dma/built-in.a
  AS      arch/arm64/kernel/hyp-stub.o
  CC      kernel/cgroup/legacy_freezer.o
  AR      kernel/livepatch/built-in.a
  CC      fs/configfs/item.o
  CC      fs/crypto/keyring.o
  SHIPPED arch/arm64/crypto/sha256-core.S
  AS      arch/arm64/crypto/chacha-neon-core.o
  CC      arch/arm64/crypto/chacha-neon-glue.o
  AS      arch/arm64/crypto/aes-cipher-core.o
  CC      arch/arm64/kernel/psci.o
  CC      fs/devpts/inode.o
  CC      kernel/events/callchain.o
  AR      fs/configfs/built-in.a
  AR      ipc/built-in.a
  CC      mm/oom_kill.o
  CC      kernel/locking/mutex.o
  CC      kernel/cgroup/cpuset.o
  CC      kernel/irq/spurious.o
  CC      kernel/locking/semaphore.o
  CC      arch/arm64/kernel/cpu_ops.o
  CC      kernel/locking/rwsem.o
  CC      fs/crypto/keysetup.o
  CC      arch/arm64/crypto/aes-cipher-glue.o
  AR      fs/devpts/built-in.a
  CC      kernel/locking/percpu-rwsem.o
  CC      kernel/events/hw_breakpoint.o
  CC      kernel/irq/resend.o
  CC      kernel/power/qos.o
  CC      arch/arm64/kernel/insn.o
  CC      kernel/power/main.o
  AS      arch/arm64/crypto/sha256-core.o
  CC      kernel/irq/chip.o
  AR      arch/arm64/crypto/built-in.a
  CC      kernel/events/uprobes.o
  CC      fs/crypto/keysetup_v1.o
  CC      security/bpf/hooks.o
  CC      kernel/locking/spinlock.o
  CC      mm/fadvise.o
  CC      kernel/bpf/helpers.o
  AR      kernel/cgroup/built-in.a
  CC      fs/erofs/super.o
  CC      kernel/locking/osq_lock.o
  CC      arch/arm64/kernel/return_address.o
  AR      security/bpf/built-in.a
  CC      security/integrity/iint.o
  CC      fs/erofs/inode.o
  CC      kernel/locking/qspinlock.o
  CC      fs/crypto/policy.o
  CC      kernel/power/process.o
  CC      kernel/irq/dummychip.o
  CC      kernel/locking/rtmutex.o
  CC      security/integrity/integrity_audit.o
  CC      arch/arm64/kernel/cpuinfo.o
  CC      kernel/power/suspend.o
  CC      mm/maccess.o
  AR      kernel/events/built-in.a
  CC      kernel/printk/printk.o
  CC      kernel/printk/printk_safe.o
  CC      fs/erofs/data.o
  CC      kernel/irq/devres.o
  CC      security/keys/gc.o
  CC      fs/crypto/bio.o
  CC      security/keys/key.o
  AR      security/integrity/built-in.a
  CC      fs/erofs/namei.o
  CC      arch/arm64/kernel/cpu_errata.o
  CC      kernel/locking/qrwlock.o
  CC      mm/page_alloc.o
  CC      kernel/irq/autoprobe.o
  CC      mm/page-writeback.o
  CC      kernel/rcu/update.o
  AR      kernel/locking/built-in.a
  CC      kernel/sched/core.o
  CC      fs/erofs/dir.o
  CC      fs/crypto/inline_crypt.o
  CC      kernel/power/wakelock.o
  CC      security/keys/keyring.o
  CC      arch/arm64/kernel/cpufeature.o
  CC      kernel/irq/irqdomain.o
  CC      kernel/bpf/tnum.o
  AR      kernel/printk/built-in.a
  CC      fs/erofs/utils.o
  CC      kernel/bpf/bpf_iter.o
  CC      crypto/asymmetric_keys/asymmetric_type.o
  CC      kernel/power/poweroff.o
  CC      kernel/rcu/sync.o
  CC      kernel/power/energy_model.o
  CC      security/keys/keyctl.o
  AR      fs/crypto/built-in.a
  CC      security/keys/permission.o
  CC      arch/arm64/kernel/alternative.o
  CC      kernel/rcu/srcutree.o
  CC      fs/erofs/pcpubuf.o
  CC      crypto/asymmetric_keys/restrict.o
  CC      crypto/asymmetric_keys/signature.o
  CC      kernel/irq/proc.o
  CC      kernel/bpf/map_iter.o
  CC      arch/arm64/kernel/cacheinfo.o
  CC      kernel/power/wakeup_reason.o
  CC      crypto/asymmetric_keys/public_key.o
  GEN     security/selinux/flask.h security/selinux/av_permissions.h
  CC      security/selinux/avc.o
  CC      fs/erofs/xattr.o
  CC      security/keys/process_keys.o
  CC      kernel/rcu/tree.o
  CC      security/selinux/hooks.o
  CC      kernel/irq/cpuhotplug.o
  CC      arch/arm64/kernel/smp.o
  CC      mm/readahead.o
  AR      kernel/power/built-in.a
  CC      kernel/irq/pm.o
  ASN.1   crypto/asymmetric_keys/x509.asn1.c
  ASN.1   crypto/asymmetric_keys/x509_akid.asn1.c
  CC      crypto/asymmetric_keys/x509_public_key.o
  CC      kernel/bpf/task_iter.o
  CC      block/partitions/check.o
  CC      fs/erofs/decompressor.o
  CC      security/keys/request_key.o
  ASN.1   crypto/asymmetric_keys/pkcs7.asn1.c
  CC      crypto/asymmetric_keys/pkcs7_trust.o
  CC      crypto/asymmetric_keys/pkcs7_verify.o
  CC      kernel/irq/msi.o
  CC      block/partitions/msdos.o
  CC      fs/erofs/zmap.o
  CC      arch/arm64/kernel/smp_spin_table.o
  CC      mm/swap.o
  CC      block/partitions/efi.o
  CC      security/keys/request_key_auth.o
  CC      kernel/bpf/prog_iter.o
  CC      crypto/asymmetric_keys/x509.asn1.o
  CC      crypto/asymmetric_keys/x509_akid.asn1.o
  CC      crypto/asymmetric_keys/x509_cert_parser.o
  CC      arch/arm64/kernel/topology.o
  CC      kernel/irq/affinity.o
  CC      security/keys/user_defined.o
  CC      crypto/asymmetric_keys/pkcs7.asn1.o
  CC      fs/erofs/zdata.o
  CC      kernel/time/time.o
  AR      block/partitions/built-in.a
  CC      block/bio.o
  CC      security/selinux/selinuxfs.o
  CC      crypto/asymmetric_keys/pkcs7_parser.o
  CC      kernel/bpf/hashtab.o
  AR      kernel/irq/built-in.a
  CC      kernel/time/timer.o
  AS      arch/arm64/kernel/smccc-call.o
  CC      kernel/rcu/rcu_segcblist.o
  CC      arch/arm64/kernel/syscall.o
  CC      kernel/sched/loadavg.o
  CC      security/keys/compat.o
  CC      mm/truncate.o
  AR      crypto/asymmetric_keys/built-in.a
  AR      kernel/rcu/built-in.a
  CC      crypto/api.o
  CC      kernel/time/hrtimer.o
  AR      fs/erofs/built-in.a
  CC      fs/exfat/inode.o
  CC      mm/vmscan.o
  CC      arch/arm64/kernel/sys32.o
  CC      security/keys/proc.o
  CC      security/selinux/netlink.o
  CC      kernel/bpf/arraymap.o
  CC      security/keys/sysctl.o
  CC      block/elevator.o
  CC      crypto/cipher.o
  CC      arch/arm64/kernel/signal32.o
  CC      fs/exfat/namei.o
  CC      kernel/sched/clock.o
  CC      drivers/airoha/airoha_gps_driver.o
  CC      drivers/amba/bus.o
  CC      kernel/time/timekeeping.o
  AR      security/keys/built-in.a
  CC      drivers/android/binderfs.o
  CC      security/selinux/nlmsgtab.o
  CC      crypto/compress.o
  AR      drivers/airoha/built-in.a
  CC      security/selinux/netif.o
  CC      fs/exfat/dir.o
  AR      drivers/amba/built-in.a
  CC      security/selinux/netnode.o
  CC      kernel/bpf/percpu_freelist.o
  CC      drivers/android/binder.o
  CC      arch/arm64/kernel/sys_compat.o
  CC      kernel/sched/cputime.o
  CC      crypto/crypto_wq.o
  CC      block/blk-core.o
  CC      kernel/bpf/bpf_lru_list.o
  CC      kernel/time/ntp.o
  AS      arch/arm64/kernel/kuser32.o
  CC      security/selinux/netport.o
  CC      kernel/bpf/lpm_trie.o
  AR      sound/arm/built-in.a
  AR      sound/atmel/built-in.a
  CC      arch/arm64/kernel/arm64ksyms.o
  CC      mm/shmem.o
  CC      fs/exfat/super.o
  CC      sound/core/sound.o
  CC      kernel/time/clocksource.o
  CC      crypto/algapi.o
  CC      kernel/bpf/map_in_map.o
  CC      sound/core/init.o
  CC      security/selinux/ss/ebitmap.o
  CC      sound/core/memory.o
  CC      kernel/sched/idle.o
  CC      fs/exfat/fatent.o
  CC      kernel/time/jiffies.o
  CC      arch/arm64/kernel/module.o
  CC      kernel/bpf/local_storage.o
  CC      kernel/bpf/queue_stack_maps.o
  CC      kernel/time/timer_list.o
  CC      arch/arm64/kernel/module-plts.o
  CC      fs/exfat/cache.o
  CC      sound/core/control.o
  CC      crypto/scatterwalk.o
  CC      arch/arm64/kernel/perf_regs.o
  CC      security/selinux/ss/hashtab.o
  CC      block/blk-tag.o
  CC      block/blk-sysfs.o
  CC      kernel/bpf/ringbuf.o
  CC      kernel/time/timeconv.o
  CC      mm/util.o
  CC      security/selinux/ss/symtab.o
  CC      kernel/sched/fair.o
  CC      fs/exfat/nls.o
  CC      arch/arm64/kernel/perf_callchain.o
  CC      security/selinux/ss/sidtab.o
  CC      kernel/time/timecounter.o
  CC      drivers/android/binder_alloc.o
  CC      kernel/time/alarmtimer.o
  CC      crypto/proc.o
  CC      security/selinux/ss/avtab.o
  CC      fs/exfat/misc.o
  CC      block/blk-flush.o
  CC      kernel/bpf/bpf_inode_storage.o
  CC      mm/mmzone.o
  CC      arch/arm64/kernel/perf_event.o
  CC      sound/core/misc.o
  CC      crypto/aead.o
  CC      drivers/android/vendor_hooks.o
  CC      fs/exfat/file.o
  CC      mm/vmstat.o
  CC      crypto/ablkcipher.o
  CC      security/selinux/ss/policydb.o
  CC      block/blk-settings.o
  CC      kernel/time/posix-timers.o
  CC      sound/core/device.o
  CC      arch/arm64/kernel/perf_trace_counters.o
  CC      kernel/bpf/bpf_task_storage.o
  CC      fs/exfat/balloc.o
  AR      drivers/android/built-in.a
  AR      drivers/auxdisplay/built-in.a
  CC      block/blk-ioc.o
  CC      drivers/base/firmware_loader/fallback_table.o
  CC      sound/core/info.o
  CC      kernel/time/posix-cpu-timers.o
  CC      crypto/blkcipher.o
  CC      arch/arm64/kernel/perf_trace_user.o
  AR      fs/exfat/built-in.a
  AR      fs/exofs/built-in.a
  CC      drivers/base/power/sysfs.o
  CC      fs/exportfs/expfs.o
  CC      drivers/base/firmware_loader/main.o
  CC      kernel/bpf/disasm.o
  CC      block/blk-map.o
  CC      mm/backing-dev.o
  CC      sound/core/ctljack.o
  CC      drivers/base/power/generic_ops.o
  CC      arch/arm64/kernel/hw_breakpoint.o
  CC      sound/core/jack.o
  CC      kernel/bpf/trampoline.o
  CC      security/selinux/ss/services.o
  CC      kernel/time/posix-clock.o
  AR      fs/exportfs/built-in.a
  CC      fs/ext4/balloc.o
  CC      drivers/base/firmware_loader/fallback.o
  CC      crypto/skcipher.o
  CC      block/blk-exec.o
  CC      drivers/base/power/common.o
  CC      sound/core/hwdep.o
  CC      mm/mm_init.o
  CC      kernel/sched/rt.o
  AS      arch/arm64/kernel/sleep.o
  CC      arch/arm64/kernel/suspend.o
  AR      drivers/base/firmware_loader/built-in.a
  CC      mm/mmu_context.o
  CC      kernel/bpf/btf.o
  CC      kernel/time/itimer.o
  CC      drivers/base/power/qos.o
  CC      block/blk-merge.o
  CC      kernel/time/clockevents.o
  CC      arch/arm64/kernel/cpuidle.o
  CC      fs/ext4/bitmap.o
  CC      sound/core/timer.o
  CC      crypto/seqiv.o
  CC      mm/percpu.o
  CC      drivers/base/regmap/regmap.o
  CC      security/selinux/ss/conditional.o
  CC      arch/arm64/kernel/jump_label.o
  CC      kernel/time/tick-common.o
  CC      arch/arm64/kernel/pci.o
  CC      drivers/base/power/runtime.o
  CC      fs/ext4/block_validity.o
  CC      crypto/echainiv.o
  CC      kernel/sched/deadline.o
  CC      block/blk-softirq.o
  CC      arch/arm64/kernel/armv8_deprecated.o
  CC      security/selinux/ss/mls.o
  CC      sound/core/pcm.o
  CC      crypto/ahash.o
  CC      fs/ext4/dir.o
  CC      drivers/base/power/wakeirq.o
  CC      kernel/time/tick-broadcast.o
  CC      mm/slab_common.o
  CC      block/blk-timeout.o
  CC      kernel/bpf/dispatcher.o
  CC      drivers/base/regmap/regcache.o
  CC      arch/arm64/kernel/kaslr.o
  CC      drivers/base/power/main.o
  CC      security/selinux/ss/status.o
  CC      sound/core/pcm_native.o
  CC      kernel/sched/wait.o
  CC      fs/ext4/ext4_jbd2.o
  CC      kernel/time/tick-broadcast-hrtimer.o
  CC      crypto/shash.o
  CC      arch/arm64/kernel/ssbd.o
  CC      block/blk-lib.o
  CC      kernel/bpf/devmap.o
  CC      kernel/time/sched_clock.o
  CC      drivers/base/regmap/regcache-rbtree.o
  AS      arch/arm64/kernel/head.o
  LDS     arch/arm64/kernel/vmlinux.lds
  AR      arch/arm64/kernel/built-in.a
  CC      block/blk-mq.o
  CC      kernel/time/tick-oneshot.o
  AR      security/selinux/built-in.a
  CC      security/commoncap.o
  CC      drivers/base/regmap/regcache-flat.o
  CC      fs/ext4/extents.o
  CC      drivers/base/regmap/regmap-i2c.o
  CC      crypto/akcipher.o
  CC      mm/compaction.o
  CC      drivers/base/power/wakeup.o
  CC      kernel/sched/wait_bit.o
  CC      kernel/time/tick-sched.o
  CC      kernel/bpf/cpumap.o
  CC      kernel/time/vsyscall.o
  CC      drivers/base/regmap/regmap-spi.o
  CC      security/min_addr.o
  CC      mm/vmacache.o
  CC      sound/core/pcm_lib.o
  CC      crypto/kpp.o
  AR      kernel/time/built-in.a
  CC      mm/interval_tree.o
  CC      kernel/bpf/bpf_local_storage.o
  CC      security/security.o
  CC      drivers/base/power/wakeup_stats.o
  CC      fs/f2fs/dir.o
  CC      drivers/base/regmap/regmap-spmi.o
  CC      kernel/sched/swait.o
  CC      drivers/base/power/domain.o
  CC      block/blk-mq-tag.o
  ASN.1   crypto/rsapubkey.asn1.c
  ASN.1   crypto/rsaprivkey.asn1.c
  CC      drivers/base/regmap/regmap-mmio.o
  CC      crypto/rsa.o
  CC      mm/list_lru.o
  MK_FW   firmware/focaltech_ts_fw.bin.gen.S
  IHEX    firmware/focaltech_ts_fw.bin
  AS      firmware/focaltech_ts_fw.bin.gen.o
  AR      firmware/built-in.a
  CC      drivers/base/regmap/regmap-irq.o
  CC      kernel/bpf/offload.o
  CC      sound/core/pcm_misc.o
  CC      crypto/rsa_helper.o
  CC      crypto/rsa-pkcs1pad.o
  CC      fs/ext4/extents_status.o
  CC      block/blk-stat.o
  CC      fs/f2fs/file.o
  CC      mm/workingset.o
  CC      drivers/base/power/domain_governor.o
  CC      kernel/sched/completion.o
  CC      kernel/sched/cpupri.o
  AR      drivers/base/regmap/built-in.a
  CC      kernel/sched/cpudeadline.o
  CC      sound/core/pcm_memory.o
  CC      drivers/base/power/clock_ops.o
  CC      crypto/acompress.o
  CC      security/lsm_audit.o
  CC      mm/debug.o
  CC      block/blk-mq-sysfs.o
  CC      kernel/bpf/net_namespace.o
  AR      drivers/base/power/built-in.a
  AR      drivers/base/test/built-in.a
  CC      drivers/base/component.o
  CC      fs/ext4/file.o
  CC      sound/core/memalloc.o
  CC      block/blk-mq-cpumap.o
  CC      block/blk-mq-sched.o
  CC      kernel/sched/topology.o
  CC      crypto/scompress.o
  CC      mm/gup.o
  AR      security/built-in.a
  CC      crypto/algboss.o
  CC      drivers/base/core.o
  CC      kernel/bpf/stackmap.o
  CC      kernel/sched/stop_task.o
  CC      fs/ext4/fsmap.o
  CC      sound/core/pcm_timer.o
  CC      sound/core/pcm_drm_eld.o
  CC      block/ioctl.o
  CC      sound/core/pcm_iec958.o
  CC      crypto/testmgr.o
  CC      kernel/trace/trace_clock.o
  CC      mm/highmem.o
  CC      kernel/trace/ring_buffer.o
  CC      kernel/sched/pelt.o
  CC      kernel/sched/walt.o
  CC      kernel/bpf/cgroup.o
  CC      kernel/bpf/reuseport_array.o
  CC      sound/core/rawmidi.o
  CC      fs/ext4/fsync.o
  CC      fs/f2fs/inode.o
  CC      crypto/cmac.o
  CC      mm/memory.o
  CC      block/genhd.o
  CC      drivers/base/bus.o
  CC      kernel/fork.o
  CC      crypto/hmac.o
  CC      drivers/block/zram/zcomp.o
  CC      fs/ext4/hash.o
  CC      sound/core/compress_offload.o
  CC      drivers/base/dd.o
  CC      kernel/trace/trace.o
  CC      fs/f2fs/namei.o
  CC      drivers/block/zram/zram_drv.o
  CC      block/partition-generic.o
  CC      crypto/xcbc.o
  CC      fs/ext4/ialloc.o
  CC      kernel/bpf/bpf_struct_ops.o
  AR      sound/core/built-in.a
  CC      drivers/base/syscore.o
  AR      sound/drivers/mpu401/built-in.a
  AR      sound/drivers/opl3/built-in.a
  AR      sound/drivers/opl4/built-in.a
  AR      sound/drivers/pcsp/built-in.a
  AR      sound/drivers/vx/built-in.a
  AR      sound/drivers/built-in.a
  CC      mm/mincore.o
  AR      sound/firewire/built-in.a
  CC      crypto/crypto_null.o
  AR      sound/hda/built-in.a
  AR      sound/i2c/other/built-in.a
  AR      sound/i2c/built-in.a
  AR      sound/isa/ad1816a/built-in.a
  AR      sound/isa/ad1848/built-in.a
  AR      sound/isa/cs423x/built-in.a
  AR      sound/isa/es1688/built-in.a
  AR      sound/isa/galaxy/built-in.a
  AR      sound/isa/gus/built-in.a
  AR      sound/isa/msnd/built-in.a
  AR      sound/isa/opti9xx/built-in.a
  AR      sound/isa/sb/built-in.a
  CC      block/ioprio.o
  AR      sound/isa/wavefront/built-in.a
  CC      kernel/sched/boost.o
  AR      sound/isa/wss/built-in.a
  AR      drivers/block/zram/built-in.a
  CC      drivers/block/brd.o
  AR      sound/isa/built-in.a
  AR      sound/mips/built-in.a
  AR      sound/parisc/built-in.a
  AR      sound/pci/ac97/built-in.a
  AR      sound/pci/ali5451/built-in.a
  AR      sound/pci/asihpi/built-in.a
  AR      sound/pci/au88x0/built-in.a
  AR      sound/pci/aw2/built-in.a
  AR      sound/pci/ca0106/built-in.a
  AR      sound/pci/cs46xx/built-in.a
  AR      sound/pci/cs5535audio/built-in.a
  AR      sound/pci/ctxfi/built-in.a
  AR      sound/pci/echoaudio/built-in.a
  AR      sound/pci/emu10k1/built-in.a
  AR      sound/pci/hda/built-in.a
  AR      sound/pci/ice1712/built-in.a
  AR      sound/pci/korg1212/built-in.a
  AR      sound/pci/lola/built-in.a
  AR      sound/pci/lx6464es/built-in.a
  AR      sound/pci/mixart/built-in.a
  CC      mm/mlock.o
  AR      sound/pci/nm256/built-in.a
  CC      block/badblocks.o
  AR      sound/pci/oxygen/built-in.a
  AR      sound/pci/pcxhr/built-in.a
  AR      sound/pci/riptide/built-in.a
  CC      fs/f2fs/hash.o
  AR      sound/pci/rme9652/built-in.a
  CC      crypto/md5.o
  AR      sound/pci/trident/built-in.a
  AR      sound/pci/vx222/built-in.a
  CC      drivers/base/driver.o
  AR      sound/pci/ymfpci/built-in.a
  AR      sound/pci/built-in.a
  AR      sound/pcmcia/pdaudiocf/built-in.a
  CC      fs/ext4/indirect.o
  AR      sound/pcmcia/vx/built-in.a
  AR      sound/pcmcia/built-in.a
  CC      kernel/bpf/bpf_lsm.o
  AR      sound/ppc/built-in.a
  AR      sound/sh/built-in.a
  AR      sound/soc/adi/built-in.a
  AR      sound/soc/amd/built-in.a
  AR      sound/soc/atmel/built-in.a
  CC      drivers/block/loop.o
  AR      sound/soc/au1x/built-in.a
  AR      sound/soc/bcm/built-in.a
  AR      sound/soc/cirrus/built-in.a
  CC      sound/soc/codecs/hdmi-codec.o
  AR      sound/soc/davinci/built-in.a
  CC      fs/fat/cache.o
  CC      drivers/base/class.o
  CC      block/blk-rq-qos.o
  CC      fs/f2fs/super.o
  CC      kernel/sched/sched_avg.o
  CC      kernel/trace/trace_output.o
  CC      crypto/sha1_generic.o
  CC      fs/fat/dir.o
  CC      mm/mmap.o
  AR      sound/soc/codecs/built-in.a
  AR      sound/soc/dwc/built-in.a
  AR      sound/soc/fsl/built-in.a
  AR      sound/soc/generic/built-in.a
  CC      block/scsi_ioctl.o
  AR      sound/soc/hisilicon/built-in.a
  AR      sound/soc/img/built-in.a
  AR      sound/soc/intel/boards/built-in.a
  AR      sound/soc/intel/common/built-in.a
  AR      sound/soc/intel/built-in.a
  CC      drivers/base/platform.o
  AR      sound/soc/jz4740/built-in.a
  AR      sound/soc/kirkwood/built-in.a
  AR      sound/soc/mediatek/built-in.a
  AR      kernel/bpf/built-in.a
  CC      block/bsg.o
  AR      sound/soc/meson/built-in.a
  AR      sound/soc/mxs/built-in.a
  AR      sound/soc/nuc900/built-in.a
  AR      sound/soc/omap/built-in.a
  AR      sound/soc/pxa/built-in.a
  AR      sound/soc/qcom/built-in.a
  AR      sound/soc/rockchip/built-in.a
  CC      fs/ext4/inline.o
  AR      sound/soc/samsung/built-in.a
  AR      sound/soc/sh/built-in.a
  AR      sound/soc/sirf/built-in.a
  AR      sound/soc/spear/built-in.a
  AR      sound/soc/sti/built-in.a
  AR      sound/soc/stm/built-in.a
  AR      sound/soc/sunxi/built-in.a
  AR      sound/soc/tegra/built-in.a
  AR      sound/soc/txx9/built-in.a
  AR      sound/soc/uniphier/built-in.a
  AR      sound/soc/ux500/built-in.a
  AR      sound/soc/xtensa/built-in.a
  AR      sound/soc/zte/built-in.a
  CC      sound/soc/soc-core.o
  CC      crypto/sha256_generic.o
  CC      drivers/block/vs_block_server.o
  CC      kernel/trace/trace_seq.o
  CC      fs/ext4/inode.o
  CC      kernel/sched/stats.o
  CC      block/blk-cgroup.o
  CC      drivers/base/cpu.o
  CC      fs/fat/fatent.o
  CC      kernel/trace/trace_stat.o
  CC      kernel/trace/trace_printk.o
  CC      mm/mmu_gather.o
  CC      drivers/block/vs_block_client.o
  CC      crypto/sha512_generic.o
  CC      drivers/base/firmware.o
  CC      kernel/sched/debug.o
  CC      crypto/gf128mul.o
  CC      fs/fat/file.o
  CC      mm/mprotect.o
  CC      drivers/base/init.o
  CC      block/noop-iosched.o
  CC      kernel/trace/trace_sched_switch.o
  AR      drivers/block/built-in.a
  AR      sound/sparc/built-in.a
  CC      drivers/bluetooth/bluetooth-power.o
  CC      fs/f2fs/inline.o
  CC      drivers/base/map.o
  CC      sound/soc/soc-dapm.o
  CC      block/cfq-iosched.o
  CC      drivers/base/devres.o
  CC      mm/mremap.o
  CC      drivers/base/attribute_container.o
  CC      kernel/sched/tune.o
  CC      drivers/bluetooth/btfm_slim.o
  CC      fs/fat/inode.o
  CC      kernel/trace/trace_nop.o
  CC      crypto/ecb.o
  CC      fs/ext4/ioctl.o
  CC      crypto/cbc.o
  CC      drivers/base/transport_class.o
  CC      mm/msync.o
  CC      drivers/bluetooth/btfm_slim_codec.o
  CC      fs/f2fs/checkpoint.o
  CC      kernel/trace/blktrace.o
  CC      drivers/bluetooth/btfm_slim_slave.o
  CC      drivers/base/topology.o
  CC      block/compat_ioctl.o
  CC      crypto/cts.o
  CC      kernel/sched/cpuacct.o
  CC      fs/fat/misc.o
  CC      crypto/xts.o
  CC      mm/page_vma_mapped.o
  CC      sound/soc/soc-jack.o
  AR      drivers/bluetooth/built-in.a
  CC      crypto/ctr.o
  CC      drivers/base/container.o
  CC      fs/ext4/mballoc.o
  CC      drivers/base/property.o
  CC      kernel/trace/trace_events.o
  CC      mm/pagewalk.o
  CC      fs/fat/nfs.o
  CC      kernel/trace/trace_export.o
  CC      block/blk-mq-pci.o
  CC      crypto/gcm.o
  CC      techpack/audio/asoc/codecs/bolero/bolero-cdc.o
  CC      kernel/sched/cpufreq.o
  CC      fs/f2fs/gc.o
  CC      sound/soc/soc-utils.o
  CC      fs/fat/namei_vfat.o
  CC      mm/pgtable-generic.o
  CC      sound/soc/soc-pcm.o
  CC      block/blk-wbt.o
  CC      crypto/ccm.o
  CC      techpack/audio/asoc/codecs/bolero/bolero-cdc-utils.o
  CC      mm/rmap.o
  CC      techpack/audio/asoc/msm-audio-effects-q6-v2.o
  CC      drivers/base/cacheinfo.o
  CC      kernel/sched/cpufreq_schedutil.o
  AR      fs/fat/built-in.a
  CC      techpack/audio/asoc/msm-compress-q6-v2.o
  CC      techpack/audio/asoc/codecs/bolero/bolero-cdc-regmap.o
  CC      kernel/trace/trace_event_perf.o
  CC      crypto/chacha20poly1305.o
  CC      drivers/base/devcon.o
  CC      kernel/exec_domain.o
  CC      fs/ext4/migrate.o
  CC      block/keyslot-manager.o
  CC      techpack/audio/asoc/codecs/bolero/bolero-cdc-tables.o
  CC      sound/soc/soc-io.o
  CC      drivers/base/module.o
  CC      mm/vmalloc.o
  CC      crypto/cryptd.o
  CC      kernel/sched/membarrier.o
  CC      kernel/trace/trace_events_filter.o
  CC      sound/soc/soc-devres.o
  CC      drivers/base/soc.o
  CC      techpack/audio/asoc/codecs/bolero/bolero-clk-rsc.o
  CC      sound/soc/soc-ops.o
  CC      fs/ext4/mmp.o
  CC      kernel/panic.o
  CC      block/bio-crypt-ctx.o
  CC      drivers/base/pinctrl.o
  CC      kernel/sched/psi.o
  CC      net/802/p8022.o
  CC      fs/f2fs/data.o
  CC      crypto/des_generic.o
  CC      techpack/audio/asoc/codecs/bolero/wsa-macro.o
  CC      drivers/base/platform-msi.o
  CC      fs/ext4/move_extent.o
  CC      sound/soc/soc-compress.o
  CC      kernel/trace/trace_events_trigger.o
  CC      fs/f2fs/node.o
  CC      block/blk-crypto.o
  CC      mm/process_vm_access.o
  CC      drivers/base/arch_topology.o
  CC      crypto/twofish_generic.o
  CC      fs/ext4/namei.o
  CC      net/802/psnap.o
  CC      kernel/sched/fas.o
  AR      sound/soc/built-in.a
  AR      sound/spi/built-in.a
  AR      sound/synth/built-in.a
  CC      techpack/audio/asoc/codecs/bolero/va-macro.o
  AR      sound/usb/6fire/built-in.a
  CC      block/blk-crypto-fallback.o
  AR      sound/usb/bcd2000/built-in.a
  AR      sound/usb/caiaq/built-in.a
  CC      mm/showmem.o
  AR      sound/usb/hiface/built-in.a
  CC      crypto/twofish_common.o
  AR      sound/usb/misc/built-in.a
  AR      sound/usb/usx2y/built-in.a
  CC      sound/usb/card.o
  CC      kernel/trace/bpf_trace.o
  AR      drivers/base/built-in.a
  CC      drivers/bus/mhi/controllers/mhi_qcom.o
  AR      kernel/sched/built-in.a
  CC      sound/usb/clock.o
  CC      mm/vmpressure.o
  CC      net/802/stp.o
  CC      crypto/aes_generic.o
  AR      block/built-in.a
  CC      fs/f2fs/segment.o
  CC      drivers/bus/mhi/controllers/mhi_arch_qcom.o
  CC      techpack/audio/asoc/codecs/bolero/tx-macro.o
  CC      drivers/bus/qcom-ebi2.o
  CC      mm/init-mm.o
  CC      sound/usb/endpoint.o
  CC      mm/nobootmem.o
  CC      techpack/audio/asoc/msm-dai-fe.o
  CC      fs/f2fs/recovery.o
  CC      crypto/arc4.o
  CC      fs/ext4/page-io.o
  CC      fs/ext4/readpage.o
  AR      drivers/bus/mhi/controllers/built-in.a
  AR      net/802/built-in.a
  CC      drivers/bus/mhi/core/mhi_init.o
  CC      net/bluetooth/af_bluetooth.o
  CC      sound/usb/format.o
  CC      net/bpf/test_run.o
  CC      crypto/chacha_generic.o
  CC      kernel/trace/error_report-traces.o
  CC      mm/madvise.o
  CC      techpack/audio/asoc/codecs/bolero/rx-macro.o
  CC      crypto/poly1305_generic.o
  CC      fs/ext4/resize.o
  CC      sound/usb/helper.o
  CC      fs/f2fs/shrinker.o
  CC      kernel/trace/power-traces.o
  CC      mm/memblock.o
  CC      net/bluetooth/hci_core.o
  CC      drivers/bus/mhi/core/mhi_main.o
  CC      drivers/bus/mhi/devices/mhi_netdev.o
  CC      crypto/deflate.o
  CC      sound/usb/mixer.o
  AR      net/bpf/built-in.a
  CC      drivers/bus/mhi/devices/mhi_uci.o
  CC      drivers/bus/mhi/core/mhi_pm.o
  AR      techpack/audio/asoc/codecs/bolero/built-in.a
  CC      techpack/audio/asoc/codecs/cs35l41/cs35l41.o
  CC      crypto/crc32c_generic.o
  CC      fs/ext4/super.o
  CC      fs/f2fs/extent_cache.o
  CC      crypto/crc32_generic.o
  CC      drivers/bus/mhi/devices/mhi_satellite.o
  CC      mm/page_io.o
  AR      sound/x86/built-in.a
  CC      fs/fuse/dev.o
  CC      kernel/trace/rpm-traces.o
  CC      sound/usb/mixer_quirks.o
  CC      techpack/audio/asoc/codecs/cs35l41/cs35l41-i2c.o
  CC      techpack/audio/dsp/codecs/q6audio_v2.o
  CC      drivers/bus/mhi/core/mhi_boot.o
  CC      crypto/authenc.o
  AR      drivers/bus/mhi/devices/built-in.a
  CC      techpack/audio/dsp/codecs/q6audio_v2_aio.o
  CC      mm/swap_state.o
  CC      techpack/audio/asoc/codecs/cs35l41/cs35l41-tables.o
  CC      techpack/audio/dsp/msm-audio-event-notify.o
  CC      fs/f2fs/sysfs.o
  CC      net/bluetooth/hci_conn.o
  CC      techpack/audio/asoc/codecs/cs35l41/wm_adsp.o
  CC      kernel/trace/trace_probe.o
  CC      sound/usb/mixer_scarlett.o
  CC      techpack/audio/dsp/codecs/audio_utils_aio.o
  CC      kernel/trace/trace_uprobe.o
  CC      drivers/bus/mhi/core/mhi_dtr.o
  CC      mm/swapfile.o
  CC      crypto/authencesn.o
  CC      sound/usb/mixer_us16x08.o
  CC      techpack/camera-xiaomi/drivers/cam_cdm/cam_cdm_soc.o
  CC      fs/fuse/dir.o
  CC      techpack/audio/dsp/codecs/audio_utils.o
  AR      drivers/bus/mhi/core/built-in.a
  AR      drivers/bus/mhi/built-in.a
  CC      kernel/trace/ipc_logging.o
  AR      drivers/bus/built-in.a
  CC      fs/f2fs/debug.o
  AR      drivers/cdrom/built-in.a
  CC      sound/usb/pcm.o
  AR      drivers/char/agp/built-in.a
  CC      net/bluetooth/hci_event.o
  CC      drivers/char/diag/diagchar_core.o
  CC      crypto/lzo.o
  CC      techpack/camera-xiaomi/drivers/cam_cdm/cam_cdm_util.o
  CC      techpack/audio/dsp/codecs/audio_native.o
  CC      crypto/lz4.o
  CC      fs/f2fs/xattr.o
  AR      kernel/trace/built-in.a
  CC      kernel/cpu.o
  CC      techpack/camera-xiaomi/drivers/cam_cdm/cam_cdm_intf.o
  CC      fs/fuse/file.o
  CC      mm/swap_slots.o
  CC      techpack/audio/dsp/codecs/aac_in.o
  CC      crypto/rng.o
  CC      sound/usb/power.o
  CC      fs/ext4/symlink.o
  CC      mm/swap_ratio.o
  CC      sound/usb/proc.o
  CC      techpack/audio/dsp/codecs/amrnb_in.o
  CC      techpack/camera-xiaomi/drivers/cam_cdm/cam_cdm_core_common.o
  CC      fs/f2fs/acl.o
  CC      crypto/ansi_cprng.o
  CC      drivers/char/diag/diagchar_hdlc.o
  CC      net/bluetooth/mgmt.o
  CC      sound/usb/quirks.o
  CC      techpack/audio/dsp/codecs/amrwb_in.o
  CC      mm/dmapool.o
  CC      fs/ext4/sysfs.o
  CC      techpack/camera-xiaomi/drivers/cam_cdm/cam_cdm_virtual_core.o
  AR      techpack/audio/asoc/codecs/cs35l41/built-in.a
  AR      techpack/audio/asoc/codecs/rouleur/built-in.a
  CC      kernel/exit.o
  CC      drivers/char/diag/diagfwd.o
  AR      techpack/audio/asoc/codecs/sdm660_cdc/built-in.a
  CC      fs/f2fs/verity.o
  CC      techpack/audio/asoc/codecs/tfa98xx/src/tfa98xx.o
  CC      crypto/drbg.o
  CC      techpack/audio/dsp/codecs/audio_aac.o
  CC      sound/usb/stream.o
  CC      fs/ext4/xattr.o
  CC      techpack/camera-xiaomi/drivers/cam_cdm/cam_cdm_hw_core.o
  CC      mm/sparse.o
  CC      fs/fuse/inode.o
  CC      fs/f2fs/iostat.o
  CC      techpack/audio/dsp/codecs/audio_alac.o
  CC      drivers/char/diag/diagfwd_peripheral.o
  CC      sound/usb/validate.o
  AR      techpack/camera-xiaomi/drivers/cam_cdm/built-in.a
  CC      crypto/jitterentropy.o
  CC      techpack/camera-xiaomi/drivers/cam_core/cam_context.o
  CC      crypto/jitterentropy-kcapi.o
  CC      mm/sparse-vmemmap.o
  CC      techpack/audio/asoc/codecs/tfa98xx/src/tfa_container.o
  CC      techpack/audio/dsp/codecs/audio_amrnb.o
  CC      sound/usb/midi.o
  CC      techpack/camera-xiaomi/drivers/cam_core/cam_context_utils.o
  CC      net/bluetooth/hci_sock.o
  CC      kernel/softirq.o
  CC      drivers/char/diag/diagfwd_socket.o
  AR      fs/f2fs/built-in.a
  CC      techpack/camera-xiaomi/drivers/cam_core/cam_node.o
  CC      fs/ext4/xattr_trusted.o
  CC      crypto/ghash-generic.o
  CC      mm/slub.o
  CC      techpack/audio/dsp/codecs/audio_amrwb.o
  CC      fs/fuse/control.o
  AR      drivers/char/ipmi/built-in.a
  CC      crypto/zstd.o
  CC      techpack/audio/dsp/codecs/audio_amrwbplus.o
  CC      techpack/audio/asoc/codecs/tfa98xx/src/tfa_dsp.o
  CC      techpack/camera-xiaomi/drivers/cam_core/cam_subdev.o
  CC      fs/ext4/xattr_user.o
  CC      techpack/audio/dsp/codecs/audio_ape.o
  CC      drivers/char/diag/diagfwd_rpmsg.o
  CC      sound/usb/usb_audio_qmi_v01.o
  CC      kernel/resource.o
  CC      fs/incfs/data_mgmt.o
  CC      crypto/ecc.o
  AR      techpack/camera-xiaomi/drivers/cam_core/built-in.a
  CC      techpack/camera-xiaomi/drivers/cam_cpas/camss_top/cam_camsstop_hw.o
  CC      sound/usb/usb_audio_qmi_svc.o
  CC      techpack/audio/dsp/codecs/audio_evrc.o
  CC      fs/ext4/acl.o
  CC      fs/fuse/xattr.o
  CC      net/bluetooth/hci_sysfs.o
  CC      drivers/char/diag/diag_mux.o
  AR      techpack/camera-xiaomi/drivers/cam_cpas/camss_top/built-in.a
  CC      techpack/camera-xiaomi/drivers/cam_cpas/cpas_top/cam_cpastop_hw.o
  CC      techpack/audio/dsp/codecs/audio_g711alaw.o
  CC      mm/migrate.o
  CC      techpack/audio/asoc/codecs/tfa98xx/src/tfa_init.o
  CC      drivers/char/diag/diag_memorydevice.o
  CC      fs/incfs/format.o
  AR      sound/usb/built-in.a
  CC      kernel/sysctl.o
  AR      sound/xen/built-in.a
  CC      fs/ext4/xattr_security.o
  CC      sound/sound_core.o
  CC      techpack/audio/dsp/codecs/audio_g711mlaw.o
  CC      net/bluetooth/l2cap_core.o
  CC      fs/fuse/acl.o
  AR      techpack/camera-xiaomi/drivers/cam_cpas/cpas_top/built-in.a
  CC      techpack/camera-xiaomi/drivers/cam_cpas/cam_cpas_soc.o
  CC      drivers/char/diag/diag_usb.o
  CC      sound/last.o
  CC      fs/incfs/integrity.o
  AR      techpack/audio/asoc/codecs/tfa98xx/built-in.a
  CC      techpack/audio/dsp/codecs/audio_hwacc_effects.o
  CC      fs/ext4/verity.o
  AR      techpack/audio/asoc/codecs/wcd934x/built-in.a
  AR      techpack/audio/asoc/codecs/wcd937x/built-in.a
  CC      techpack/audio/asoc/codecs/wcd938x/wcd938x.o
  AR      sound/built-in.a
  CC      fs/fuse/readdir.o
  CC      techpack/camera-xiaomi/drivers/cam_cpas/cam_cpas_intf.o
  CC      fs/incfs/main.o
  CC      drivers/char/diag/diagmem.o
  CC      mm/page_isolation.o
  CC      drivers/char/diag/diagfwd_cntl.o
  CC      techpack/audio/dsp/codecs/audio_mp3.o
  CC      fs/jbd2/transaction.o
  CC      fs/incfs/pseudo_files.o
  AR      fs/ext4/built-in.a
  CC      fs/incfs/sysfs.o
  CC      techpack/audio/dsp/codecs/audio_multi_aac.o
  CC      techpack/camera-xiaomi/drivers/cam_cpas/cam_cpas_hw.o
  CC      kernel/sysctl_binary.o
  CC      mm/zsmalloc.o
  CC      fs/fuse/passthrough.o
  CC      techpack/audio/asoc/msm-dai-q6-hdmi-v2.o
  CC      techpack/audio/asoc/codecs/wcd938x/wcd938x-regmap.o
  CC      drivers/char/diag/diag_dci.o
  CC      techpack/audio/dsp/codecs/audio_qcelp.o
  CC      fs/incfs/vfs.o
  CC      techpack/audio/asoc/codecs/wcd938x/wcd938x-tables.o
  CC      techpack/audio/asoc/codecs/wcd938x/wcd938x-mbhc.o
  CC      fs/incfs/verity.o
  AR      techpack/camera-xiaomi/drivers/cam_cpas/built-in.a
  CC      techpack/camera-xiaomi/drivers/cam_cust/cam_custom_hw_mgr/cam_custom_csid/cam_custom_csid_dev.o
  CC      kernel/capability.o
  CC      techpack/audio/dsp/codecs/audio_wma.o
  AR      fs/fuse/built-in.a
  CC      fs/jbd2/commit.o
  CC      techpack/camera-xiaomi/drivers/cam_fd/fd_hw_mgr/fd_hw/cam_fd_hw_dev.o
  CC      net/bluetooth/l2cap_sock.o
  CC      techpack/camera-xiaomi/drivers/cam_fd/fd_hw_mgr/cam_fd_hw_mgr.o
  AR      techpack/camera-xiaomi/drivers/cam_cust/cam_custom_hw_mgr/cam_custom_csid/built-in.a
  CC      techpack/camera-xiaomi/drivers/cam_cust/cam_custom_hw_mgr/cam_custom_hw1/cam_custom_sub_mod_soc.o
  CC      mm/early_ioremap.o
  AR      fs/incfs/built-in.a
  CC      techpack/audio/dsp/codecs/audio_wmapro.o
  CC      techpack/camera-xiaomi/drivers/cam_cust/cam_custom_hw_mgr/cam_custom_hw_mgr.o
  CC      techpack/camera-xiaomi/drivers/cam_fd/fd_hw_mgr/fd_hw/cam_fd_hw_core.o
  CC      techpack/audio/asoc/codecs/wcd938x/wcd938x-slave.o
  CC      kernel/ptrace.o
  CC      drivers/char/diag/diag_masks.o
  CC      techpack/camera-xiaomi/drivers/cam_cust/cam_custom_hw_mgr/cam_custom_hw1/cam_custom_sub_mod_dev.o
  CC      mm/cma.o
  CC      techpack/audio/dsp/codecs/evrc_in.o
  CC      fs/jbd2/recovery.o
  AR      techpack/audio/asoc/codecs/wcd938x/built-in.a
  CC      techpack/audio/asoc/codecs/wsa883x/wsa883x.o
  CC      crypto/ecdh.o
  CC      techpack/audio/asoc/codecs/wsa883x/wsa883x-regmap.o
  CC      techpack/camera-xiaomi/drivers/cam_fd/fd_hw_mgr/fd_hw/cam_fd_hw_soc.o
  CC      techpack/audio/asoc/codecs/wsa883x/wsa883x-tables.o
  CC      techpack/camera-xiaomi/drivers/cam_cust/cam_custom_hw_mgr/cam_custom_hw1/cam_custom_sub_mod_core.o
  CC      techpack/audio/dsp/codecs/g711alaw_in.o
  CC      crypto/ecdh_helper.o
  CC      net/bluetooth/smp.o
  AR      drivers/clk/actions/built-in.a
  AR      drivers/clk/bcm/built-in.a
  CC      fs/jbd2/checkpoint.o
  AR      drivers/clk/imgtec/built-in.a
  AR      drivers/clk/mediatek/built-in.a
  CC      kernel/user.o
  CC      kernel/signal.o
  AR      drivers/clk/mvebu/built-in.a
  CC      mm/userfaultfd.o
  AR      drivers/clk/qcom/mdss/built-in.a
  CC      drivers/clk/qcom/common.o
  AR      techpack/camera-xiaomi/drivers/cam_fd/fd_hw_mgr/fd_hw/built-in.a
  AR      techpack/camera-xiaomi/drivers/cam_fd/fd_hw_mgr/built-in.a
  CC      techpack/camera-xiaomi/drivers/cam_fd/cam_fd_dev.o
  CC      drivers/char/diag/diag_debugfs.o
  CC      techpack/audio/asoc/codecs/wsa883x/wsa883x-temp-sensor.o
  AR      techpack/camera-xiaomi/drivers/cam_cust/cam_custom_hw_mgr/cam_custom_hw1/built-in.a
  CC      drivers/char/diag/diagfwd_bridge.o
  AR      techpack/camera-xiaomi/drivers/cam_cust/cam_custom_hw_mgr/built-in.a
  CC      techpack/camera-xiaomi/drivers/cam_cust/cam_custom_dev.o
  CC      techpack/audio/dsp/codecs/g711mlaw_in.o
  CC      crypto/hash_info.o
  CC      crypto/simd.o
  CC      techpack/audio/dsp/codecs/qcelp_in.o
  CC      fs/jbd2/revoke.o
  CC      drivers/clk/qcom/clk-regmap.o
  CC      techpack/camera-xiaomi/drivers/cam_fd/cam_fd_context.o
  CC      mm/frame_vector.o
  CC      drivers/clk/qcom/clk-alpha-pll.o
  CC      drivers/char/diag/diagfwd_mhi.o
  CC      techpack/camera-xiaomi/drivers/cam_cust/cam_custom_context.o
  AR      techpack/audio/asoc/codecs/wsa883x/built-in.a
  CC      techpack/audio/asoc/codecs/wcd9xxx-core-init.o
  AR      techpack/audio/dsp/codecs/built-in.a
  CC      techpack/audio/dsp/audio_calibration.o
  AR      techpack/camera-xiaomi/drivers/cam_fd/built-in.a
  CC      drivers/clk/qcom/clk-pll.o
  CC      crypto/rsapubkey.asn1.o
  CC      fs/jbd2/journal.o
  CC      crypto/rsaprivkey.asn1.o
  CC      net/bluetooth/lib.o
  CC      kernel/sys.o
  AR      crypto/built-in.a
  CC      kernel/umh.o
  CC      mm/usercopy.o
  CC      techpack/audio/asoc/codecs/msm-cdc-pinctrl.o
  AR      drivers/char/diag/built-in.a
  CC      drivers/char/hw_random/core.o
  AR      techpack/camera-xiaomi/drivers/cam_cust/built-in.a
  CC      techpack/camera-xiaomi/drivers/cam_icp/icp_hw/a5_hw/a5_dev.o
  CC      techpack/audio/dsp/audio_cal_utils.o
  CC      drivers/char/mem.o
  CC      drivers/clk/qcom/clk-rcg.o
  CC      techpack/audio/asoc/codecs/msm-cdc-supply.o
  CC      mm/memfd.o
  CC      drivers/clk/qcom/clk-rcg2.o
  CC      drivers/char/random.o
  CC      drivers/char/hw_random/msm_rng.o
  CC      techpack/camera-xiaomi/drivers/cam_icp/icp_hw/a5_hw/a5_core.o
  CC      net/bluetooth/ecdh_helper.o
  CC      drivers/char/hw_random/cavium-rng.o
  CC      techpack/audio/dsp/q6adm.o
  CC      techpack/audio/ipc/apr.o
  CC      techpack/audio/asoc/codecs/wcd-irq.o
  CC      kernel/workqueue.o
  CC      mm/memfd-ashmem-shim.o
  CC      techpack/camera-xiaomi/drivers/cam_icp/icp_hw/a5_hw/a5_soc.o
  CC      net/bluetooth/hci_request.o
  CC      techpack/audio/ipc/apr_v2.o
  AR      fs/jbd2/built-in.a
  CC      fs/kernfs/mount.o
  CC      drivers/char/hw_random/cavium-rng-vf.o
  CC      drivers/clk/qcom/clk-branch.o
  CC      mm/process_reclaim.o
  CC      techpack/audio/asoc/codecs/wcd-clsh.o
  AR      techpack/camera-xiaomi/drivers/cam_icp/icp_hw/a5_hw/built-in.a
  CC      techpack/camera-xiaomi/drivers/cam_icp/icp_hw/bps_hw/bps_dev.o
  CC      techpack/audio/asoc/codecs/wcdcal-hwdep.o
  AS      arch/arm64/lib/clear_page.o
  AS      arch/arm64/lib/clear_user.o
  CC      techpack/audio/ipc/apr_tal_rpmsg.o
  AS      arch/arm64/lib/copy_from_user.o
  AR      drivers/char/hw_random/built-in.a
  CC      drivers/char/misc.o
  CC      fs/kernfs/inode.o
  AS      arch/arm64/lib/copy_in_user.o
  AS      arch/arm64/lib/copy_page.o
  AS      arch/arm64/lib/copy_to_user.o
  CC      arch/arm64/lib/delay.o
  CC      drivers/clk/qcom/clk-regmap-divider.o
  CC      mm/kshrink_slabd.o
  CC      techpack/camera-xiaomi/drivers/cam_icp/icp_hw/bps_hw/bps_core.o
  CC      drivers/char/adsprpc.o
  CC      techpack/audio/asoc/codecs/wcd9xxx-soc-init.o
  CC      techpack/camera-xiaomi/drivers/cam_icp/cam_icp_subdev.o
  AR      techpack/audio/ipc/built-in.a
  AR      drivers/clk/renesas/built-in.a
  CC      techpack/audio/dsp/q6afe.o
  AS      arch/arm64/lib/memchr.o
  CC      fs/kernfs/dir.o
  CC      techpack/audio/soc/pinctrl-wcd.o
  AS      arch/arm64/lib/memcmp.o
  CC      drivers/clk/qcom/clk-regmap-mux.o
  AS      arch/arm64/lib/memcpy.o
  CC      techpack/audio/asoc/codecs/wcd-dsp-utils.o
  AS      arch/arm64/lib/memmove.o
  CC      techpack/camera-xiaomi/drivers/cam_icp/icp_hw/bps_hw/bps_soc.o
  AS      arch/arm64/lib/memset.o
  AR      mm/built-in.a
  CC      net/bluetooth/mgmt_util.o
  AS      arch/arm64/lib/strchr.o
  CC      lib/crypto/chacha.o
  CC      kernel/pid.o
  AS      arch/arm64/lib/strcmp.o
  AS      arch/arm64/lib/strlen.o
  AS      arch/arm64/lib/strncmp.o
  CC      techpack/audio/soc/pinctrl-lpi.o
  CC      net/bluetooth/sco.o
  CC      lib/crypto/libchacha.o
  AS      arch/arm64/lib/strnlen.o
  CC      techpack/audio/asoc/codecs/wcd-dsp-mgr.o
  CC      drivers/clk/qcom/clk-regmap-mux-div.o
  AS      arch/arm64/lib/strrchr.o
  AR      techpack/camera-xiaomi/drivers/cam_icp/icp_hw/bps_hw/built-in.a
  CC      techpack/camera-xiaomi/drivers/cam_icp/icp_hw/icp_hw_mgr/cam_icp_hw_mgr.o
  AS      arch/arm64/lib/tishift.o
  AR      arch/arm64/lib/lib.a
  EXPORTS arch/arm64/lib/lib-ksyms.o
  AR      arch/arm64/lib/built-in.a
  CC      drivers/clk/qcom/reset.o
  CC      fs/kernfs/file.o
  CC      techpack/audio/soc/regmap-swr.o
  CC      fs/kernfs/symlink.o
  AR      virt/lib/built-in.a
  AR      virt/built-in.a
  CC      techpack/audio/asoc/codecs/audio-ext-clk-up.o
  CC      lib/crypto/poly1305-donna64.o
  CC      kernel/task_work.o
  CC      lib/crypto/poly1305.o
  CC      drivers/clk/qcom/clk-voter.o
  CC      net/bluetooth/a2mp.o
  CC      lib/crypto/blake2s.o
  CC      techpack/audio/soc/soundwire.o
  AR      fs/kernfs/built-in.a
  CC      fs/nls/nls_base.o
  CC      fs/nls/nls_cp437.o
  CC      techpack/camera-xiaomi/drivers/cam_icp/cam_icp_context.o
  CC      techpack/audio/asoc/codecs/wsa881x.o
  CC      drivers/clk/qcom/clk-dummy.o
  CC      techpack/audio/dsp/q6asm.o
  CC      kernel/extable.o
  CC      techpack/audio/dsp/q6audio-v2.o
  CC      fs/nls/nls_iso8859-1.o
  CC      techpack/audio/soc/snd_event.o
  AR      techpack/camera-xiaomi/drivers/cam_icp/icp_hw/icp_hw_mgr/built-in.a
  CC      techpack/camera-xiaomi/drivers/cam_icp/icp_hw/ipe_hw/ipe_dev.o
  CC      techpack/camera-xiaomi/drivers/cam_icp/icp_hw/ipe_hw/ipe_core.o
  CC      lib/crypto/blake2s-generic.o
  CC      drivers/clk/qcom/clk-debug.o
  CC      drivers/clk/qcom/gdsc-regulator.o
  CC      net/bluetooth/amp.o
  AR      fs/nls/built-in.a
  CC      fs/notify/dnotify/dnotify.o
  CC      techpack/audio/asoc/codecs/wsa881x-tables.o
  CC      kernel/params.o
  CC      drivers/char/adsprpc_compat.o
  CC      techpack/audio/soc/swr-mstr-ctrl.o
  CC      fs/overlayfs/super.o
  CC      techpack/camera-xiaomi/drivers/cam_icp/icp_hw/ipe_hw/ipe_soc.o
  CC      techpack/audio/asoc/codecs/wsa881x-regmap.o
  AR      fs/notify/dnotify/built-in.a
  AR      fs/notify/fanotify/built-in.a
  CC      fs/notify/inotify/inotify_fsnotify.o
  CC      lib/crypto/curve25519-hacl64.o
  CC      kernel/kthread.o
  CC      fs/notify/fsnotify.o
  CC      fs/notify/inotify/inotify_user.o
  AR      net/bluetooth/built-in.a
  AR      techpack/camera-xiaomi/drivers/cam_icp/icp_hw/ipe_hw/built-in.a
  CC      net/bridge/netfilter/ebtables.o
  AR      techpack/camera-xiaomi/drivers/cam_icp/icp_hw/built-in.a
  CC      drivers/clk/qcom/gdsc.o
  CC      techpack/camera-xiaomi/drivers/cam_icp/hfi.o
  CC      fs/overlayfs/namei.o
  CC      techpack/audio/asoc/codecs/wsa881x-temp-sensor.o
  CC      drivers/char/okl4_pipe.o
  CC      drivers/clk/qcom/camcc-kona.o
  CC      fs/overlayfs/util.o
  AR      techpack/camera-xiaomi/drivers/cam_icp/built-in.a
  AR      techpack/audio/soc/built-in.a
  CC      net/bridge/br.o
  CC      techpack/camera-xiaomi/drivers/cam_isp/isp_hw_mgr/hw_utils/irq_controller/cam_irq_controller.o
  CC      net/can/af_can.o
  AR      fs/notify/inotify/built-in.a
  CC      fs/notify/notification.o
  CC      drivers/char/vservices_serial.o
  CC      techpack/audio/dsp/q6voice.o
  CC      techpack/audio/asoc/codecs/msm_stub.o
  AR      techpack/camera-xiaomi/drivers/cam_isp/isp_hw_mgr/hw_utils/irq_controller/built-in.a
  CC      techpack/camera-xiaomi/drivers/cam_isp/isp_hw_mgr/hw_utils/cam_tasklet_util.o
  CC      drivers/clk/qcom/clk-aop-qmp.o
  CC      kernel/sys_ni.o
  CC      fs/overlayfs/inode.o
  CC      kernel/nsproxy.o
  CC      fs/notify/group.o
  CC      fs/notify/mark.o
  CC      techpack/camera-xiaomi/drivers/cam_isp/isp_hw_mgr/hw_utils/cam_isp_packet_parser.o
  CC      drivers/clk/qcom/dispcc-kona.o
  CC      techpack/audio/asoc/codecs/wcd-mbhc-v2.o
  CC      fs/overlayfs/file.o
  CC      drivers/char/vs_serial_client.o
  CC      net/can/proc.o
  CC      drivers/clk/qcom/gcc-kona.o
  CC      kernel/notifier.o
  CC      kernel/ksysfs.o
  CC      net/bridge/netfilter/ebtable_broute.o
  CC      fs/notify/fdinfo.o
  AR      techpack/camera-xiaomi/drivers/cam_isp/isp_hw_mgr/hw_utils/built-in.a
  CC      fs/overlayfs/dir.o
  CC      techpack/camera-xiaomi/drivers/cam_isp/isp_hw_mgr/isp_hw/ife_csid_hw/cam_ife_csid_dev.o
  CC      drivers/char/vs_serial_server.o
  CC      drivers/clk/qcom/gpucc-kona.o
  CC      net/can/raw.o
  AR      fs/notify/built-in.a
  CC      techpack/camera-xiaomi/drivers/cam_isp/isp_hw_mgr/isp_hw/ife_csid_hw/cam_ife_csid_soc.o
  CC      fs/overlayfs/readdir.o
  CC      fs/overlayfs/copy_up.o
  CC      techpack/audio/asoc/codecs/wcd-mbhc-adc.o
  AR      drivers/char/built-in.a
  CC      fs/overlayfs/export.o
  CC      kernel/cred.o
  CC      kernel/reboot.o
  CC      drivers/clk/qcom/npucc-kona.o
  AR      net/bridge/netfilter/built-in.a
  CC      net/bridge/br_device.o
  CC      techpack/camera-xiaomi/drivers/cam_isp/isp_hw_mgr/isp_hw/ife_csid_hw/cam_ife_csid_core.o
  CC      drivers/clocksource/timer-of.o
  CC      drivers/cpufreq/cpufreq.o
  AR      fs/overlayfs/built-in.a
  CC      drivers/clk/qcom/videocc-kona.o
  CC      fs/proc/task_mmu.o
  CC      techpack/audio/dsp/q6core.o
  CC      net/can/bcm.o
  CC      drivers/clocksource/timer-probe.o
  CC      techpack/audio/asoc/codecs/msm_hdmi_codec_rx.o
  CC      net/can/gw.o
  CC      kernel/async.o
  CC      drivers/clk/qcom/a53-pll.o
  CC      drivers/clocksource/arm_arch_timer.o
  CC      net/bridge/br_fdb.o
  CC      kernel/range.o
  CC      fs/proc/inode.o
  AR      techpack/audio/asoc/codecs/built-in.a
  CC      kernel/smpboot.o
  CC      techpack/audio/asoc/msm-dai-q6-v2.o
  CC      drivers/clk/qcom/apcs-msm8916.o
  CC      techpack/audio/dsp/q6common.o
  CC      techpack/camera-xiaomi/drivers/cam_isp/isp_hw_mgr/isp_hw/ife_csid_hw/cam_ife_csid17x.o
  CC      techpack/camera-xiaomi/drivers/cam_isp/isp_hw_mgr/isp_hw/ife_csid_hw/cam_ife_csid_lite17x.o
  CC      drivers/cpufreq/freq_table.o
  AR      net/can/built-in.a
  CC      drivers/clocksource/dummy_timer.o
  CC      fs/proc/root.o
  CC      drivers/clk/qcom/clk-rpmh.o
  CC      techpack/audio/dsp/rtac.o
  CC      kernel/ucount.o
  CC      techpack/audio/asoc/msm-dai-stub-v2.o
  CC      drivers/clk/qcom/clk-spmi-pmic-div.o
  AR      techpack/camera-xiaomi/drivers/cam_isp/isp_hw_mgr/isp_hw/ife_csid_hw/built-in.a
  CC      techpack/camera-xiaomi/drivers/cam_isp/isp_hw_mgr/isp_hw/vfe_hw/vfe17x/cam_vfe.o
  CC      kernel/kmod.o
  CC      drivers/cpufreq/cpufreq_stats.o
  AR      drivers/clocksource/built-in.a
  CC      lib/crypto/curve25519-generic.o
  CC      techpack/camera-xiaomi/drivers/cam_isp/isp_hw_mgr/isp_hw/vfe_hw/vfe_bus/cam_vfe_bus.o
  CC      fs/proc/base.o
  AR      drivers/clk/qcom/built-in.a
  CC      techpack/camera-xiaomi/drivers/cam_isp/isp_hw_mgr/isp_hw/vfe_hw/vfe_bus/cam_vfe_bus_ver2.o
  AR      drivers/clk/ti/built-in.a
  CC      drivers/clk/clk-devres.o
  AR      techpack/camera-xiaomi/drivers/cam_isp/isp_hw_mgr/isp_hw/vfe_hw/vfe17x/built-in.a
  CC      techpack/camera-xiaomi/drivers/cam_isp/isp_hw_mgr/isp_hw/vfe_hw/vfe_bus/cam_vfe_bus_rd_ver1.o
  CC      drivers/cpufreq/cpufreq_performance.o
  CC      net/bridge/br_forward.o
  CC      techpack/audio/dsp/q6lsm.o
  CC      techpack/camera-xiaomi/drivers/cam_jpeg/jpeg_hw/jpeg_dma_hw/jpeg_dma_dev.o
  CC      techpack/audio/asoc/msm-lsm-client.o
  CC      drivers/clk/clk-bulk.o
  CC      techpack/camera-xiaomi/drivers/cam_jpeg/jpeg_hw/jpeg_enc_hw/jpeg_enc_dev.o
  CC      drivers/cpufreq/cpufreq_powersave.o
  CC      kernel/groups.o
  CC      drivers/cpufreq/cpufreq_userspace.o
  CC      techpack/camera-xiaomi/drivers/cam_jpeg/cam_jpeg_dev.o
  CC      techpack/camera-xiaomi/drivers/cam_jpeg/jpeg_hw/jpeg_dma_hw/jpeg_dma_core.o
  CC      drivers/clk/clkdev.o
  CC      techpack/camera-xiaomi/drivers/cam_isp/isp_hw_mgr/isp_hw/vfe_hw/vfe_bus/cam_vfe_bus_ver3.o
  CC      fs/proc/generic.o
  CC      lib/crypto/curve25519.o
  CC      techpack/camera-xiaomi/drivers/cam_jpeg/jpeg_hw/jpeg_enc_hw/jpeg_enc_core.o
  CC      drivers/cpufreq/cpufreq_governor_attr_set.o
  CC      techpack/audio/asoc/msm-pcm-afe-v2.o
  CC      techpack/audio/dsp/adsp_err.o
  CC      techpack/camera-xiaomi/drivers/cam_jpeg/jpeg_hw/jpeg_dma_hw/jpeg_dma_soc.o
  CC      techpack/camera-xiaomi/drivers/cam_jpeg/jpeg_hw/jpeg_enc_hw/jpeg_enc_soc.o
  CC      net/bridge/br_if.o
  CC      kernel/freezer.o
  CC      drivers/clk/clk.o
  CC      fs/pstore/inode.o
  CC      drivers/cpufreq/cpu-boost.o
  AR      lib/crypto/built-in.a
  CC      lib/lz4/lz4.o
  CC      techpack/audio/dsp/msm_audio_ion.o
  AR      techpack/camera-xiaomi/drivers/cam_jpeg/jpeg_hw/jpeg_dma_hw/built-in.a
  CC      lib/lz4/lz4hc.o
  CC      fs/proc/array.o
  AR      techpack/camera-xiaomi/drivers/cam_jpeg/jpeg_hw/jpeg_enc_hw/built-in.a
  CC      techpack/camera-xiaomi/drivers/cam_jpeg/jpeg_hw/cam_jpeg_hw_mgr.o
  AR      techpack/camera-xiaomi/drivers/cam_isp/isp_hw_mgr/isp_hw/vfe_hw/vfe_bus/built-in.a
  CC      techpack/camera-xiaomi/drivers/cam_isp/isp_hw_mgr/isp_hw/vfe_hw/vfe_top/cam_vfe_camif_lite_ver2.o
  CC      techpack/audio/asoc/msm-pcm-dtmf-v2.o
  CC      drivers/cpufreq/qcom-cpufreq-hw.o
  CC      fs/pstore/platform.o
  CC      kernel/profile.o
  CC      techpack/camera-xiaomi/drivers/cam_isp/isp_hw_mgr/isp_hw/vfe_hw/vfe_top/cam_vfe_top.o
  CC      net/bridge/br_input.o
  CC      techpack/audio/dsp/avtimer.o
  CC      fs/proc/fd.o
  CC      fs/pstore/pmsg.o
  CC      techpack/audio/asoc/msm-pcm-hostless.o
  AR      drivers/cpufreq/built-in.a
  CC      techpack/camera-xiaomi/drivers/cam_isp/isp_hw_mgr/cam_isp_hw_mgr.o
  AR      techpack/camera-xiaomi/drivers/cam_jpeg/jpeg_hw/built-in.a
  CC      techpack/camera-xiaomi/drivers/cam_jpeg/cam_jpeg_context.o
  CC      techpack/camera-xiaomi/drivers/cam_isp/isp_hw_mgr/isp_hw/vfe_hw/vfe_top/cam_vfe_top_common.o
  CC      fs/pstore/ram.o
  CC      kernel/stacktrace.o
  CC      fs/proc/proc_tty.o
  CC      techpack/audio/asoc/msm-pcm-host-voice-v2.o
  CC      techpack/audio/asoc/msm-pcm-loopback-v2.o
  CC      techpack/audio/dsp/q6_init.o
  AR      techpack/camera-xiaomi/drivers/cam_jpeg/built-in.a
  CC      techpack/audio/dsp/apr_elliptic.o
  CC      techpack/camera-xiaomi/drivers/cam_isp/isp_hw_mgr/isp_hw/vfe_hw/vfe_top/cam_vfe_top_ver3.o
  CC      techpack/camera-xiaomi/drivers/cam_isp/isp_hw_mgr/isp_hw/vfe_hw/cam_vfe_soc.o
  CC      fs/proc/cmdline.o
  CC      drivers/clk/clk-divider.o
  CC      net/bridge/br_ioctl.o
  CC      techpack/camera-xiaomi/drivers/cam_isp/cam_isp_dev.o
  CC      fs/pstore/ram_core.o
  CC      kernel/futex.o
  CC      kernel/smp.o
  CC      fs/proc/consoles.o
  CC      techpack/audio/asoc/msm-pcm-q6-noirq.o
  CC      techpack/camera-xiaomi/drivers/cam_isp/isp_hw_mgr/isp_hw/vfe_hw/vfe_top/cam_vfe_top_ver2.o
  CC      techpack/audio/asoc/msm-pcm-q6-v2.o
  CC      drivers/clk/clk-fixed-factor.o
  CC      techpack/audio/dsp/elliptic/elliptic.o
  CC      kernel/uid16.o
  AR      fs/pstore/built-in.a
  CC      fs/proc/cpuinfo.o
  CC      techpack/audio/asoc/msm-pcm-routing-v2.o
  CC      net/bridge/br_stp.o
  CC      techpack/camera-xiaomi/drivers/cam_isp/isp_hw_mgr/isp_hw/vfe_hw/vfe_top/cam_vfe_camif_ver2.o
  CC      net/bridge/br_stp_bpdu.o
  CC      fs/proc/devices.o
  CC      drivers/clk/clk-fixed-rate.o
  AR      lib/lz4/built-in.a
  CC      lib/lzo/lzo1x_compress.o
  DTC     arch/arm64/boot/dts/vendor/qcom/kona-v2.1.dtb
  CC      techpack/audio/dsp/elliptic/elliptic_sysfs.o
  CC      fs/proc/interrupts.o
  CC      lib/lzo/lzo1x_decompress_safe.o
  CC      kernel/module.o
  CC      techpack/audio/dsp/elliptic/elliptic_mixer_controls.o
  CC      techpack/camera-xiaomi/drivers/cam_isp/isp_hw_mgr/isp_hw/vfe_hw/vfe_top/cam_vfe_camif_ver3.o
  CC      techpack/audio/dsp/elliptic/io_modules/msm/elliptic_data_msm_io.o
  CC      drivers/clk/clk-gate.o
  CC      fs/proc/loadavg.o
  DTC     arch/arm64/boot/dts/vendor/qcom/alioth-sm8250-overlay.dtbo
  CC      fs/proc/meminfo.o
  AR      lib/lzo/built-in.a
  CC      lib/mpi/generic_mpih-lshift.o
  CC      net/core/sock.o
  CC      net/bridge/br_stp_if.o
  CC      net/bridge/br_stp_timer.o
  CC      net/bridge/br_netlink.o
  CC      drivers/clk/clk-multiplier.o
  CC      techpack/camera-xiaomi/drivers/cam_isp/isp_hw_mgr/isp_hw/vfe_hw/vfe_top/cam_vfe_rdi.o
  CC      net/bridge/br_netlink_tunnel.o
  CC      techpack/audio/dsp/elliptic/io_modules/userspace/elliptic_data_userspace_io.o
  CC      lib/mpi/generic_mpih-mul1.o
  CC      fs/proc/stat.o
  CC      drivers/clk/clk-mux.o
  CC      techpack/camera-xiaomi/drivers/cam_isp/isp_hw_mgr/isp_hw/vfe_hw/vfe_top/cam_vfe_fe_ver1.o
  CC      lib/mpi/generic_mpih-mul2.o
  CC      techpack/audio/dsp/elliptic/io_modules/userspace/elliptic_data_userspace_ctrl.o
  CC      fs/proc/uptime.o
  CC      net/core/request_sock.o
  CC      kernel/kallsyms.o
  CC      techpack/camera-xiaomi/drivers/cam_isp/isp_hw_mgr/cam_ife_hw_mgr.o
  CC      net/bridge/br_arp_nd_proxy.o
  CC      fs/proc/util.o
  CC      lib/mpi/generic_mpih-mul3.o
  CC      drivers/clk/clk-composite.o
  CC      techpack/camera-xiaomi/drivers/cam_isp/isp_hw_mgr/isp_hw/vfe_hw/vfe_top/cam_vfe_camif_lite_ver3.o
  CC      techpack/audio/dsp/apr_mius.o
  CC      fs/proc/version.o
  CC      fs/proc/softirqs.o
  CC      drivers/clk/clk-fractional-divider.o
  CC      lib/mpi/generic_mpih-rshift.o
  CC      drivers/clk/clk-gpio.o
  CC      kernel/compat.o
  CC      fs/proc/namespaces.o
  AR      techpack/camera-xiaomi/drivers/cam_isp/isp_hw_mgr/isp_hw/vfe_hw/vfe_top/built-in.a
  CC      techpack/camera-xiaomi/drivers/cam_isp/isp_hw_mgr/isp_hw/vfe_hw/cam_vfe_dev.o
  CC      net/core/skbuff.o
  CC      techpack/camera-xiaomi/drivers/cam_isp/isp_hw_mgr/isp_hw/vfe_hw/cam_vfe_core.o
  CC      techpack/audio/dsp/mius/mius.o
  CC      lib/mpi/generic_mpih-sub1.o
  CC      techpack/audio/asoc/msm-pcm-voice-v2.o
  CC      fs/proc/self.o
  CC      net/bridge/br_sysfs_if.o
  CC      drivers/clk/clk-conf.o
  CC      net/core/datagram.o
  CC      net/bridge/br_sysfs_br.o
  CC      lib/mpi/generic_mpih-add1.o
  AR      techpack/camera-xiaomi/drivers/cam_isp/isp_hw_mgr/isp_hw/vfe_hw/built-in.a
  AR      techpack/camera-xiaomi/drivers/cam_isp/isp_hw_mgr/isp_hw/built-in.a
  CC      fs/proc/thread_self.o
  CC      drivers/clk/clk-xgene.o
  CC      techpack/audio/dsp/mius/mius_sysfs.o
  CC      lib/mpi/mpicoder.o
  CC      kernel/utsname.o
  CC      net/bridge/br_multicast.o
  CC      fs/proc/proc_sysctl.o
  CC      techpack/audio/asoc/msm-pcm-voip-v2.o
  CC      lib/mpi/mpi-bit.o
  AR      drivers/clk/built-in.a
  AR      techpack/camera-xiaomi/drivers/cam_isp/isp_hw_mgr/built-in.a
  CC      techpack/camera-xiaomi/drivers/cam_isp/cam_isp_context.o
  AR      drivers/cpuidle/governors/built-in.a
  CC      drivers/cpuidle/cpuidle.o
  GZIP    kernel/config_data.gz
  CC      kernel/stop_machine.o
  CC      techpack/audio/dsp/mius/mius_mixer_controls.o
  CC      techpack/audio/dsp/mius/io_modules/msm/mius_data_msm_io.o
  CC      lib/mpi/mpi-cmp.o
  DTBOIMG arch/arm64/boot/dtbo.img
  CC      techpack/camera-xiaomi/drivers/cam_lrme/lrme_hw_mgr/lrme_hw/cam_lrme_hw_dev.o
  CC      techpack/camera-xiaomi/drivers/cam_lrme/cam_lrme_dev.o
  CC      techpack/audio/asoc/msm-transcode-loopback-q6-v2.o
  CC      kernel/audit.o
  CC      fs/proc/proc_net.o
  CC      techpack/camera-xiaomi/drivers/cam_lrme/cam_lrme_context.o
  CC      drivers/cpuidle/driver.o
  CC      techpack/audio/dsp/mius/io_modules/userspace/mius_data_userspace_io.o
  CC      lib/mpi/mpih-cmp.o
  CC      fs/quota/dquot.o
  CC      techpack/camera-xiaomi/drivers/cam_lrme/lrme_hw_mgr/lrme_hw/cam_lrme_hw_core.o
  AR      techpack/camera-xiaomi/drivers/cam_isp/built-in.a
  CC      techpack/audio/asoc/platform_init.o
  CC      techpack/camera-xiaomi/drivers/cam_req_mgr/cam_req_mgr_core.o
  CC      techpack/camera-xiaomi/drivers/cam_req_mgr/cam_req_mgr_dev.o
  CC      net/bridge/br_mdb.o
  CC      techpack/audio/dsp/mius/io_modules/userspace/mius_data_userspace_ctrl.o
  CC      net/core/stream.o
  CC      drivers/cpuidle/governor.o
  CC      techpack/audio/asoc/msm-pcm-routing-devdep.o
  CC      lib/mpi/mpih-div.o
  CC      fs/proc/kmsg.o
  CC      techpack/camera-xiaomi/drivers/cam_lrme/lrme_hw_mgr/lrme_hw/cam_lrme_hw_soc.o
  CC      drivers/cpuidle/sysfs.o
  CC      fs/proc/page.o
  CC      techpack/audio/dsp/msm-cirrus-playback.o
  CC      techpack/audio/asoc/msm-qti-pp-config.o
  CC      lib/mpi/mpih-mul.o
  CC      net/core/scm.o
  CC      kernel/auditfilter.o
  CC      techpack/camera-xiaomi/drivers/cam_req_mgr/cam_req_mgr_util.o
  CC      drivers/cpuidle/dt_idle_states.o
  CC      fs/quota/quota_v2.o
  AR      techpack/camera-xiaomi/drivers/cam_lrme/lrme_hw_mgr/lrme_hw/built-in.a
  CC      techpack/camera-xiaomi/drivers/cam_lrme/lrme_hw_mgr/cam_lrme_hw_mgr.o
  AR      net/bridge/built-in.a
  CC      techpack/camera-xiaomi/drivers/cam_req_mgr/cam_req_mgr_workq.o
  CC      net/ethernet/eth.o
  AR      fs/proc/built-in.a
  CC      net/ipv4/netfilter/nf_nat_l3proto_ipv4.o
  CC      net/ipv4/route.o
  CC      lib/mpi/mpi-pow.o
  CC      fs/quota/quota_tree.o
  CC      drivers/cpuidle/cpuidle-arm.o
  CC      techpack/camera-xiaomi/drivers/cam_req_mgr/cam_mem_mgr.o
  CC      techpack/audio/dsp/voice_mhi.o
  CC      techpack/audio/asoc/kona.o
  CC      drivers/cpuidle/lpm-levels.o
  AR      techpack/camera-xiaomi/drivers/cam_lrme/lrme_hw_mgr/built-in.a
  AR      techpack/camera-xiaomi/drivers/cam_lrme/built-in.a
  CC      techpack/camera-xiaomi/drivers/cam_req_mgr/cam_req_mgr_timer.o
  CC      net/core/gen_stats.o
  CC      lib/mpi/mpiutil.o
  CC      kernel/auditsc.o
  CC      fs/quota/quota.o
  CC      net/ipv6/netfilter/ip6_tables.o
  AR      net/ethernet/built-in.a
  CC      techpack/audio/dsp/digital-cdc-rsc-mgr.o
  CC      techpack/camera-xiaomi/drivers/cam_req_mgr/cam_req_mgr_debug.o
  AR      techpack/data/drivers/rmnet/perf/built-in.a
  CC      net/ipv4/netfilter/nf_nat_proto_icmp.o
  CC [M]  techpack/data/drivers/rmnet/perf/rmnet_perf_config.o
  AR      lib/mpi/built-in.a
  CC      lib/reed_solomon/reed_solomon.o
  AR      techpack/audio/asoc/built-in.a
  AR      techpack/camera-xiaomi/drivers/cam_req_mgr/built-in.a
  CC      net/ipv4/netfilter/nf_nat_masquerade_ipv4.o
  CC      techpack/camera-xiaomi/drivers/cam_sensor_module/cam_actuator/cam_actuator_dev.o
  CC      techpack/audio/dsp/usf.o
  CC      fs/quota/kqid.o
  CC      net/core/gen_estimator.o
  CC [M]  techpack/data/drivers/rmnet/perf/rmnet_perf_core.o
  AR      lib/reed_solomon/built-in.a
  CC      lib/zlib_deflate/deflate.o
  CC      fs/quota/netlink.o
  CC      net/core/net_namespace.o
  CC      net/ipv4/netfilter/nf_defrag_ipv4.o
  CC      kernel/audit_watch.o
  CC      drivers/cpuidle/lpm-levels-of.o
  CC      techpack/camera-xiaomi/drivers/cam_sensor_module/cam_actuator/cam_actuator_core.o
  CC      techpack/audio/dsp/usfcdev.o
  CC      net/ipv6/netfilter/ip6table_filter.o
  CC      lib/zlib_deflate/deftree.o
  AR      drivers/cpuidle/built-in.a
  AR      drivers/crypto/hisilicon/built-in.a
  CC      drivers/crypto/msm/qce50.o
  CC      drivers/crypto/msm/qcedev.o
  CC      techpack/audio/dsp/q6usm.o
  CC      kernel/audit_fsnotify.o
  AR      fs/quota/built-in.a
  CC      fs/ramfs/inode.o
  DTC     arch/arm64/boot/dts/vendor/qcom/kona-v2.1.dtb
  CC      techpack/camera-xiaomi/drivers/cam_sensor_module/cam_actuator/cam_actuator_soc.o
  CC      lib/zlib_deflate/deflate_syms.o
  CC [M]  techpack/data/drivers/rmnet/perf/rmnet_perf_opt.o
  CC      net/core/secure_seq.o
  CC      net/ipv4/netfilter/nf_socket_ipv4.o
  CC      kernel/audit_tree.o
  CC      net/ipv6/netfilter/ip6table_mangle.o
  AR      lib/zlib_deflate/built-in.a
  CC      lib/zlib_inflate/inffast.o
  CC      techpack/audio/dsp/adsp-loader.o
  CC      fs/ramfs/file-mmu.o
  CAT     arch/arm64/boot/dtb.img
  CC      net/core/flow_dissector.o
  AR      techpack/camera-xiaomi/drivers/cam_sensor_module/cam_actuator/built-in.a
  CC      techpack/camera-xiaomi/drivers/cam_sensor_module/cam_cci/cam_cci_dev.o
  CC      lib/zlib_inflate/inflate.o
  CC      techpack/audio/dsp/audio_pdr.o
  AR      fs/ramfs/built-in.a
  CC      fs/sdcardfs/dentry.o
  CC [M]  techpack/data/drivers/rmnet/perf/rmnet_perf_tcp_opt.o
  CC      kernel/seccomp.o
  CC      net/ipv6/netfilter/ip6table_raw.o
  CC      techpack/camera-xiaomi/drivers/cam_sensor_module/cam_cci/cam_cci_core.o
  CC      lib/zlib_inflate/infutil.o
  CC      techpack/audio/dsp/audio_notifier.o
  CC      lib/zlib_inflate/inftrees.o
  CC      fs/sdcardfs/file.o
  CC      lib/zlib_inflate/inflate_syms.o
  CC      net/ipv4/netfilter/nf_tproxy_ipv4.o
  CC      techpack/camera-xiaomi/drivers/cam_sensor_module/cam_csiphy/cam_csiphy_soc.o
  CC      techpack/audio/dsp/audio_ssr.o
  AR      lib/zlib_inflate/built-in.a
  CC      lib/zstd/zstd_compress_module.o
  CC      net/ipv6/netfilter/nf_defrag_ipv6_hooks.o
  CC      fs/sdcardfs/inode.o
  CC      net/core/sysctl_net_core.o
  CC [M]  techpack/data/drivers/rmnet/perf/rmnet_perf_udp_opt.o
  CC      techpack/camera-xiaomi/drivers/cam_sensor_module/cam_cci/cam_cci_soc.o
  CC      kernel/utsname_sysctl.o
  AR      techpack/audio/dsp/built-in.a
  AR      techpack/audio/built-in.a
  CC      lib/zstd/compress/fse_compress.o
  CC      techpack/camera-xiaomi/drivers/cam_sensor_module/cam_csiphy/cam_csiphy_dev.o
  CC      lib/zstd/compress/hist.o
  CC      drivers/crypto/msm/qcedev_smmu.o
  CC      kernel/taskstats.o
  AR      techpack/data/drivers/rmnet/shs/built-in.a
  CC [M]  techpack/data/drivers/rmnet/shs/rmnet_shs_config.o
  CC      techpack/display/msm/dp/dp_usbpd.o
  CC      fs/sdcardfs/main.o
  CC      lib/zstd/compress/huf_compress.o
  AR      techpack/camera-xiaomi/drivers/cam_sensor_module/cam_cci/built-in.a
  CC      techpack/display/pll/pll_util.o
  CC      net/ipv4/netfilter/nf_log_ipv4.o
  CC      techpack/camera-xiaomi/drivers/cam_sensor_module/cam_csiphy/cam_csiphy_core.o
  LD [M]  techpack/data/drivers/rmnet/perf/rmnet_perf.o
  CC      techpack/display/pll/pll_drv.o
  CC      drivers/crypto/msm/qcrypto.o
  CC      net/ipv6/netfilter/nf_conntrack_reasm.o
  CC      kernel/tsacct.o
  CC [M]  techpack/data/drivers/rmnet/shs/rmnet_shs_main.o
  CC      net/core/dev.o
  CC      fs/sdcardfs/super.o
  CC      lib/zstd/compress/zstd_compress.o
  CC      techpack/display/msm/dp/dp_parser.o
  CC [M]  techpack/data/drivers/rmnet/shs/rmnet_shs_wq.o
  CC      techpack/display/pll/dsi_pll_10nm.o
  CC      kernel/tracepoint.o
  CC      net/ipv4/netfilter/nf_reject_ipv4.o
  AR      techpack/camera-xiaomi/drivers/cam_sensor_module/cam_csiphy/built-in.a
  CC      techpack/camera-xiaomi/drivers/cam_sensor_module/cam_eeprom/cam_eeprom_dev.o
  CC      fs/sdcardfs/lookup.o
  CC      fs/sdcardfs/mmap.o
  CC      techpack/display/pll/dsi_pll_7nm.o
  CC      net/ipv6/netfilter/nf_socket_ipv6.o
  CC      techpack/camera-xiaomi/drivers/cam_sensor_module/cam_eeprom/cam_eeprom_core.o
  CC      techpack/display/msm/dp/dp_power.o
  CC      kernel/irq_work.o
  CC      techpack/display/pll/dsi_pll_28lpm.o
  CC      fs/sdcardfs/packagelist.o
  CC [M]  techpack/data/drivers/rmnet/shs/rmnet_shs_freq.o
  CC      drivers/crypto/msm/ice.o
  CC      techpack/display/msm/dp/dp_catalog.o
  CC      net/ipv4/netfilter/nf_nat_h323.o
  CC      kernel/cpu_pm.o
  CC      techpack/display/pll/dsi_pll_28nm_util.o
  CC      lib/zstd/compress/zstd_compress_literals.o
  CC      techpack/camera-xiaomi/drivers/cam_sensor_module/cam_eeprom/cam_eeprom_soc.o
  CC      lib/zstd/compress/zstd_compress_sequences.o
  CC      net/ipv6/netfilter/nf_tproxy_ipv6.o
  CC      kernel/jump_label.o
  CC      techpack/display/pll/dsi_pll_14nm.o
  CC      lib/zstd/compress/zstd_compress_superblock.o
  CC      fs/sysfs/file.o
  CC [M]  techpack/data/drivers/rmnet/shs/rmnet_shs_wq_mem.o
  AR      techpack/camera-xiaomi/drivers/cam_sensor_module/cam_eeprom/built-in.a
  CC      techpack/camera-xiaomi/drivers/cam_sensor_module/cam_flash/cam_flash_dev.o
  AR      drivers/crypto/msm/built-in.a
  AR      drivers/crypto/built-in.a
  CC      drivers/devfreq/devfreq.o
  CC      net/ipv4/netfilter/nf_nat_pptp.o
  CC      techpack/display/pll/dsi_pll_14nm_util.o
  CC      kernel/iomem.o
  CC      lib/zstd/compress/zstd_double_fast.o
  CC      techpack/display/msm/dp/dp_catalog_v420.o
  CC      fs/sysfs/dir.o
  CC      net/ipv6/netfilter/nf_log_ipv6.o
  CC      techpack/camera-xiaomi/drivers/cam_sensor_module/cam_flash/cam_flash_core.o
  CC [M]  techpack/data/drivers/rmnet/shs/rmnet_shs_wq_genl.o
  CC      drivers/devfreq/governor_simpleondemand.o
  CC      techpack/display/pll/hdmi_pll_28lpm.o
  CC      fs/sdcardfs/derived_perm.o
  UPD     kernel/config_data.h
  CC      kernel/configs.o
  CC      fs/sysfs/symlink.o
  CC      drivers/devfreq/governor_performance.o
  CC      techpack/display/msm/dp/dp_catalog_v200.o
  CC      net/ipv4/netfilter/nf_nat_proto_gre.o
  AR      kernel/built-in.a
  CC      net/ipv4/netfilter/ip_tables.o
  CC      techpack/display/pll/dp_pll_7nm.o
  CC      drivers/devfreq/governor_powersave.o
  AR      fs/sdcardfs/built-in.a
  CC      drivers/devfreq/governor_userspace.o
  CC      fs/sysfs/mount.o
  CC      net/ipv6/netfilter/nf_reject_ipv6.o
  LD [M]  techpack/data/drivers/rmnet/shs/rmnet_shs.o
  AR      techpack/data/drivers/rmnet/built-in.a
  AR      techpack/data/drivers/built-in.a
  AR      techpack/data/built-in.a
  CC      techpack/camera-xiaomi/drivers/cam_sensor_module/cam_flash/cam_flash_soc.o
  CC      drivers/devfreq/governor_passive.o
  CC      techpack/stub/stub.o
  CC      net/core/ethtool.o
  AR      techpack/stub/built-in.a
  CC      net/core/dev_addr_lists.o
  CC      techpack/display/msm/dp/dp_aux.o
  CC      net/core/dst.o
  CC      techpack/display/pll/dp_pll_7nm_util.o
  CC      fs/sysfs/group.o
  CC      drivers/devfreq/bimc-bwmon.o
  AR      techpack/camera-xiaomi/drivers/cam_sensor_module/cam_flash/built-in.a
  CC      techpack/camera-xiaomi/drivers/cam_sensor_module/cam_ois/cam_ois_dev.o
  CC      techpack/video/msm/vidc/msm_v4l2_vidc.o
  AR      fs/sysfs/built-in.a
  CC      fs/tracefs/inode.o
  CC      techpack/display/pll/dp_pll_10nm.o
  CC      drivers/devfreq/arm-memlat-mon.o
  CC      techpack/display/msm/dp/dp_panel.o
  CC      lib/zstd/compress/zstd_fast.o
  CC      net/ipv6/netfilter/nf_dup_ipv6.o
  CC      techpack/video/msm/vidc/msm_v4l2_private.o
  CC      net/ipv4/netfilter/iptable_filter.o
  CC      techpack/display/pll/dp_pll_10nm_util.o
  CC      techpack/camera-xiaomi/drivers/cam_sensor_module/cam_ois/cam_ois_core.o
  AR      fs/tracefs/built-in.a
  SHIPPED fs/unicode/utf8data.h
  CC      fs/unicode/utf8-core.o
  CC      fs/unicode/utf8-norm.o
  CC      net/core/netevent.o
  CC      net/ipv6/netfilter/ip6t_rpfilter.o
  CC      drivers/devfreq/governor_bw_hwmon.o
  CC      techpack/display/pll/dp_pll_14nm.o
  CC      net/ipv6/netfilter/ip6t_REJECT.o
  CC      net/ipv4/netfilter/iptable_mangle.o
  AR      fs/unicode/built-in.a
  CC      fs/verity/enable.o
  CC      techpack/camera-xiaomi/drivers/cam_sensor_module/cam_ois/cam_ois_soc.o
  AR      techpack/display/pll/built-in.a
  CC      fs/verity/hash_algs.o
  CC      fs/verity/init.o
  CC      techpack/video/msm/vidc/msm_vidc_platform.o
  CC      net/core/neighbour.o
  CC      fs/verity/measure.o
  CC      net/core/rtnetlink.o
  CC      drivers/devfreq/governor_cache_hwmon.o
  CC      techpack/camera-xiaomi/drivers/cam_sensor_module/cam_ois/Lc898128.o
  AR      net/ipv6/netfilter/built-in.a
  CC      net/ipv6/af_inet6.o
  HOSTCC  lib/gen_crc32table
  CC      net/ipv4/netfilter/iptable_nat.o
  CC      techpack/display/msm/dp/dp_link.o
  CC      lib/zstd/compress/zstd_lazy.o
  CC      techpack/display/msm/dp/dp_ctrl.o
  CC      fs/verity/open.o
  CC      techpack/video/msm/vidc/msm_vidc_common.o
  CC      drivers/devfreq/governor_memlat.o
  AR      techpack/camera-xiaomi/drivers/cam_sensor_module/cam_ois/built-in.a
  CC      techpack/camera-xiaomi/drivers/cam_sensor_module/cam_res_mgr/cam_res_mgr.o
  CC      fs/verity/read_metadata.o
  CC      net/ipv4/netfilter/iptable_raw.o
  CC      techpack/video/msm/vidc/msm_vidc.o
  CC      techpack/video/msm/vidc/msm_vdec.o
  CC      techpack/display/msm/dp/dp_audio.o
  CC      net/ipv6/anycast.o
  CC      drivers/devfreq/governor_msm_adreno_tz.o
  AR      techpack/camera-xiaomi/drivers/cam_sensor_module/cam_res_mgr/built-in.a
  CC      techpack/camera-xiaomi/drivers/cam_sensor_module/cam_sensor/cam_sensor_dev.o
  CC      fs/verity/verify.o
  CC      techpack/video/msm/vidc/msm_venc.o
  CC      net/ipv4/netfilter/iptable_security.o
  CC      net/core/utils.o
  CC      drivers/devfreq/governor_bw_vbif.o
  CC      techpack/display/msm/dp/dp_debug.o
  CC      techpack/camera-xiaomi/drivers/cam_sensor_module/cam_sensor/cam_sensor_core.o
  CC      drivers/devfreq/governor_gpubw_mon.o
  CC      net/ipv6/ip6_output.o
  CC      fs/verity/signature.o
  CC      techpack/camera-xiaomi/drivers/cam_sensor_module/cam_sensor/cam_sensor_soc.o
  CC      net/ipv4/netfilter/ipt_ah.o
  CC      drivers/devfreq/governor_cdsp_l3.o
  AR      fs/verity/built-in.a
  CC      fs/open.o
  CC      techpack/display/msm/dp/dp_hpd.o
  CC      net/core/link_watch.o
  CC      drivers/devfreq/devfreq_qcom_fw.o
  AR      techpack/camera-xiaomi/drivers/cam_sensor_module/cam_sensor/built-in.a
  CC      techpack/camera-xiaomi/drivers/cam_sensor_module/cam_sensor_io/cam_sensor_io.o
  CC      lib/zstd/compress/zstd_ldm.o
  CC      net/ipv4/netfilter/ipt_rpfilter.o
  CC      net/key/af_key.o
  CC      drivers/devfreq/devfreq_devbw.o
  CC      techpack/display/msm/dp/dp_gpio_hpd.o
  CC      techpack/camera-xiaomi/drivers/cam_sensor_module/cam_sensor_io/cam_sensor_cci_i2c.o
  CC      net/core/filter.o
  CC      fs/read_write.o
  CC      net/ipv6/ip6_input.o
  CC      drivers/devfreq/devfreq_simple_dev.o
  CC      net/ipv4/netfilter/ipt_MASQUERADE.o
  CC      techpack/camera-xiaomi/drivers/cam_sensor_module/cam_sensor_io/cam_sensor_qup_i2c.o
  CC      techpack/display/msm/dp/dp_lphw_hpd.o
  CC      techpack/camera-xiaomi/drivers/cam_sensor_module/cam_sensor_io/cam_sensor_spi.o
  CC      drivers/devfreq/devfreq_qcom_qoslat.o
  AR      net/key/built-in.a
  CC      techpack/camera-xiaomi/drivers/cam_smmu/cam_smmu_api.o
  CC      techpack/display/msm/dp/dp_display.o
  CC      techpack/display/msm/dp/dp_drm.o
  CC      net/ipv4/netfilter/ipt_REJECT.o
  CC      drivers/devfreq/governor_staticmap.o
  CC      fs/file_table.o
  CC      net/ipv6/addrconf.o
  AR      techpack/camera-xiaomi/drivers/cam_sensor_module/cam_sensor_io/built-in.a
  CC      techpack/camera-xiaomi/drivers/cam_sensor_module/cam_sensor_utils/cam_sensor_util.o
  AR      drivers/devfreq/built-in.a
  AR      drivers/dma/mediatek/built-in.a
  CC      drivers/dma/qcom/gpi.o
  AR      drivers/dma/ti/built-in.a
  CC      techpack/display/msm/dp/dp_hdcp2p2.o
  CC      net/ipv4/netfilter/arp_tables.o
  CC      fs/super.o
  CC      net/ipv4/inetpeer.o
  AR      techpack/camera-xiaomi/drivers/cam_smmu/built-in.a
  CC      techpack/display/rotator/sde_rotator_dev.o
  CC      lib/zstd/compress/zstd_opt.o
  AR      techpack/camera-xiaomi/drivers/cam_sensor_module/cam_sensor_utils/built-in.a
  AR      techpack/camera-xiaomi/drivers/cam_sensor_module/built-in.a
  CC      techpack/camera-xiaomi/drivers/cam_sync/cam_sync.o
  CC      techpack/display/msm/dp/dp_mst_drm.o
  AR      drivers/dma/qcom/built-in.a
  AR      drivers/dma/xilinx/built-in.a
  CC      drivers/dma/dmaengine.o
  CC      fs/char_dev.o
  CC      techpack/camera-xiaomi/drivers/cam_sync/cam_sync_util.o
  CC      net/ipv4/netfilter/arpt_mangle.o
  CC      net/core/sock_diag.o
  CC      techpack/display/rotator/sde_rotator_core.o
  CC      techpack/display/msm/sde/sde_crtc.o
  CC      net/core/dev_ioctl.o
  CC      drivers/dma/virt-dma.o
  CC      net/ipv6/addrlabel.o
  AR      techpack/camera-xiaomi/drivers/cam_sync/built-in.a
  CC      techpack/camera-xiaomi/drivers/cam_utils/cam_soc_util.o
  CC      lib/zstd/compress/zstd_preSplit.o
  CC      net/ipv4/netfilter/arptable_filter.o
  CC      fs/stat.o
  CC      lib/zstd/zstd_decompress_module.o
  CC      drivers/dma/of-dma.o
  CC      net/ipv4/netfilter/nf_dup_ipv4.o
  CC      techpack/display/rotator/sde_rotator_base.o
  CC      net/core/tso.o
  CC      techpack/camera-xiaomi/drivers/cam_utils/cam_io_util.o
  CC      lib/zstd/decompress/huf_decompress.o
  CC      net/ipv6/route.o
  CC      net/l2tp/l2tp_core.o
  CC      net/l2tp/l2tp_ppp.o
  CC      fs/exec.o
  CC      techpack/camera-xiaomi/drivers/cam_utils/cam_packet_util.o
  AR      drivers/dma/built-in.a
  CC      drivers/dma-buf/dma-buf.o
  AR      net/ipv4/netfilter/built-in.a
  CC      net/ipv4/protocol.o
  CC      techpack/camera-xiaomi/drivers/cam_utils/cam_debug_util.o
  CC      techpack/display/rotator/sde_rotator_formats.o
  CC      net/core/sock_reuseport.o
  CC      techpack/display/msm/sde/sde_encoder.o
  CC      drivers/dma-buf/dma-fence.o
  CC      techpack/camera-xiaomi/drivers/cam_utils/cam_trace.o
  CC      drivers/dma-buf/dma-fence-array.o
  CC      net/ipv4/ip_input.o
  CC      net/l2tp/l2tp_ip.o
  CC      techpack/display/rotator/sde_rotator_util.o
  CC      fs/pipe.o
  CC      drivers/edac/edac_mc.o
  CC      lib/zstd/decompress/zstd_ddict.o
  CC      techpack/camera-xiaomi/drivers/cam_utils/cam_common_util.o
  CC      drivers/dma-buf/dma-fence-chain.o
  CC      net/core/fib_notifier.o
  CC      lib/zstd/decompress/zstd_decompress.o
  CC      techpack/camera-xiaomi/drivers/cam_utils/cam_cx_ipeak.o
  CC      drivers/dma-buf/dma-resv.o
  CC      techpack/display/rotator/sde_rotator_io_util.o
  CC      net/ipv6/ip6_fib.o
  CC      lib/zstd/decompress/zstd_decompress_block.o
  CC      fs/namei.o
  AR      techpack/camera-xiaomi/drivers/cam_utils/built-in.a
  AR      techpack/camera-xiaomi/drivers/built-in.a
  AR      techpack/camera-xiaomi/built-in.a
  CC      drivers/edac/edac_device.o
  CC      drivers/dma-buf/seqno-fence.o
  CC      techpack/display/msm/sde/sde_encoder_phys_vid.o
  CC      techpack/display/msm/sde/sde_encoder_phys_cmd.o
  CC      net/l2tp/l2tp_netlink.o
  CC      techpack/display/rotator/sde_rotator_smmu.o
  CC      net/core/xdp.o
  CC      net/ipv4/ip_fragment.o
  CC      drivers/dma-buf/sync_file.o
  CC      drivers/edac/edac_mc_sysfs.o
  CC      techpack/display/rotator/sde_rotator_r1_wb.o
  CC      lib/zstd/zstd_common_module.o
  CC      techpack/display/rotator/sde_rotator_r1_pipe.o
  CC      net/core/net-sysfs.o
  CC      techpack/display/msm/sde/sde_irq.o
  CC      lib/zstd/common/debug.o
  AR      drivers/dma-buf/built-in.a
  CC      techpack/display/rotator/sde_rotator_r1_ctl.o
  CC      lib/zstd/common/entropy_common.o
  CC      techpack/display/rotator/sde_rotator_r1.o
  CC      net/l2tp/l2tp_eth.o
  CC      net/ipv6/ipv6_sockglue.o
  CC      drivers/edac/edac_module.o
  CC      lib/zstd/common/error_private.o
  CC      lib/zstd/common/fse_decompress.o
  CC      net/ipv4/ip_forward.o
  CC      net/ipv4/ip_options.o
  CC      fs/fcntl.o
  CC      techpack/display/msm/sde/sde_core_irq.o
  CC      lib/zstd/common/zstd_common.o
  CC      techpack/video/msm/vidc/msm_cvp_internal.o
  AR      lib/zstd/built-in.a
  GEN     lib/oid_registry_data.c
  CC      lib/lockref.o
  CC      techpack/display/rotator/sde_rotator_r3.o
  CC      drivers/edac/edac_device_sysfs.o
  CC      lib/bcd.o
  CC      net/l2tp/l2tp_ip6.o
  CC      drivers/edac/wq.o
  CC      lib/div64.o
  CC      techpack/display/msm/sde/sde_core_perf.o
  CC      drivers/edac/edac_pci.o
  CC      lib/sort.o
  CC      lib/parser.o
  CC      net/core/net-procfs.o
  CC      fs/ioctl.o
  CC      net/llc/llc_core.o
  CC      net/ipv6/ndisc.o
  CC      techpack/video/msm/vidc/msm_smem.o
  CC      net/ipv4/ip_output.o
  CC      lib/debug_locks.o
  CC      lib/random32.o
  CC      techpack/display/rotator/sde_rotator_sync.o
  CC      techpack/display/msm/sde/sde_rm.o
  AR      net/l2tp/built-in.a
  CC      fs/readdir.o
  CC      drivers/edac/edac_pci_sysfs.o
  CC      drivers/edac/kryo_arm64_edac.o
  CC      net/core/fib_rules.o
  CC      lib/bust_spinlocks.o
  CC      net/llc/llc_input.o
  CC      net/ipv4/ip_sockglue.o
  AR      techpack/display/rotator/built-in.a
  CC      net/ipv4/inet_hashtables.o
  CC      techpack/video/msm/vidc/msm_vidc_debug.o
  CC      lib/kasprintf.o
  CC      lib/bitmap.o
  AR      drivers/edac/built-in.a
  AR      drivers/energy_model/built-in.a
  CC      drivers/esoc/esoc_bus.o
  CC      fs/select.o
  CC      net/ipv6/udp.o
  CC      drivers/esoc/esoc_dev.o
  CC      drivers/esoc/esoc_client.o
  CC      net/llc/llc_output.o
  CC      net/core/net-traces.o
  CC      techpack/display/msm/sde/sde_kms_utils.o
  CC      techpack/video/msm/vidc/msm_vidc_res_parse.o
  CC      fs/dcache.o
  CC      drivers/esoc/esoc-mdm-pon.o
  CC      techpack/display/msm/sde/sde_kms.o
  CC      net/ipv4/inet_timewait_sock.o
  CC      drivers/extcon/extcon.o
  CC      fs/inode.o
  CC      lib/scatterlist.o
  AR      net/llc/built-in.a
  CC      drivers/extcon/devres.o
  CC      drivers/esoc/esoc-mdm-4x.o
  CC      drivers/esoc/esoc-mdm-drv.o
  CC      techpack/display/msm/sde/sde_plane.o
  CC      drivers/extcon/extcon-usb-gpio.o
  CC      net/ipv6/udplite.o
  CC      net/core/ptp_classifier.o
  CC      net/ipv4/inet_connection_sock.o
  AR      drivers/firewire/built-in.a
  CC      techpack/video/msm/vidc/hfi_common.o
  AR      drivers/esoc/built-in.a
  CC      lib/gcd.o
  CC      net/netfilter/core.o
  AR      drivers/extcon/built-in.a
  AR      drivers/firmware/broadcom/built-in.a
  CC      lib/lcm.o
  AR      drivers/firmware/meson/built-in.a
  AR      drivers/firmware/tegra/built-in.a
  CC      drivers/firmware/psci.o
  CC      drivers/gpio/devres.o
  CC      lib/list_sort.o
  CC      fs/attr.o
  CC      lib/uuid.o
  CC      net/ipv6/raw.o
  CC      lib/flex_array.o
  CC      drivers/firmware/qcom_scm.o
  CC      net/core/sockev_nlmcast.o
  CC      net/core/dst_cache.o
  CC      net/ipv6/icmp.o
  CC      drivers/gpio/gpiolib.o
  CC      fs/bad_inode.o
  CC      techpack/display/msm/sde/sde_connector.o
  CC      lib/iov_iter.o
  CC      net/ipv4/tcp.o
  CC      net/netfilter/nf_log.o
  CC      fs/file.o
  CC      lib/clz_ctz.o
  CC      net/netlink/af_netlink.o
  CC      net/core/gro_cells.o
  CC      net/netlink/genetlink.o
  CC      techpack/display/msm/sde/clone_cooling_device.o
  CC      net/ipv6/mcast.o
  CC      lib/bsearch.o
  CC      fs/filesystems.o
  CC      drivers/gpio/gpiolib-legacy.o
  CC      net/netfilter/nf_queue.o
  CC      net/core/skmsg.o
  CC      techpack/display/msm/sde/sde_color_processing.o
  CC      drivers/gpio/gpiolib-devprop.o
  CC      lib/find_bit.o
  CC      fs/namespace.o
  CC      techpack/video/msm/vidc/hfi_ar50.o
  CC      lib/llist.o
  CC      drivers/gpio/gpiolib-of.o
  CC      lib/memweight.o
  CC      net/ipv4/tcp_input.o
  CC      lib/kfifo.o
  CC      net/netfilter/nf_sockopt.o
  AR      net/netlink/built-in.a
  CC      drivers/gpio/gpiolib-sysfs.o
  CC      net/netfilter/utils.o
  CC      net/ipv6/reassembly.o
  CC      drivers/firmware/qcom_scm-64.o
  CC      net/core/sock_map.o
  CC      techpack/display/msm/sde/sde_vbif.o
  CC      lib/percpu-refcount.o
  AR      drivers/gpio/built-in.a
  CC      net/core/bpf_sk_storage.o
  CC      net/netfilter/nfnetlink.o
  CC      fs/seq_file.o
  CC      net/packet/af_packet.o
  CC      lib/rhashtable.o
  CC      net/ipv6/tcp_ipv6.o
  CC      techpack/display/msm/sde_io_util.o
  AR      drivers/gpu/drm/amd/lib/built-in.a
  AR      drivers/gpu/drm/bridge/synopsys/built-in.a
  CC      drivers/gpu/drm/bridge/lt9611uxc.o
  CC      fs/xattr.o
  CC      techpack/display/msm/sde/sde_hw_reg_dma_v1_color_proc.o
  CC      net/ipv4/tcp_output.o
  AR      net/core/built-in.a
  CC      lib/reciprocal_div.o
  CC      net/netfilter/nfnetlink_queue.o
  CC      net/netfilter/nfnetlink_log.o
  CC      lib/once.o
  AR      drivers/gpu/drm/bridge/built-in.a
  AR      drivers/gpu/drm/hisilicon/built-in.a
  AR      drivers/gpu/drm/i2c/built-in.a
  AR      drivers/gpu/drm/omapdrm/displays/built-in.a
  AR      drivers/gpu/drm/omapdrm/dss/built-in.a
  CC      net/ipv6/ping.o
  AR      drivers/gpu/drm/omapdrm/built-in.a
  AR      drivers/gpu/drm/panel/built-in.a
  AR      drivers/gpu/drm/rcar-du/built-in.a
  AR      drivers/gpu/drm/tilcdc/built-in.a
  CC      drivers/gpu/drm/drm_crtc_helper.o
  CC      lib/refcount.o
  CC      lib/usercopy.o
  CC      fs/libfs.o
  CC      drivers/gpu/drm/drm_dp_helper.o
  CC      drivers/gpu/drm/drm_probe_helper.o
  AR      net/packet/built-in.a
  CC      techpack/display/msm/sde/sde_hw_color_proc_v4.o
  CC      net/netfilter/nf_conntrack_core.o
  CC      lib/errseq.o
  CC      techpack/display/msm/sde/sde_hw_ad4.o
  CC      lib/bucket_locks.o
  CC      techpack/display/msm/sde/sde_hw_uidle.o
  CC      net/ipv6/exthdrs.o
  CC      techpack/video/msm/vidc/hfi_ar50_lt.o
  CC      drivers/hid/usbhid/hid-core.o
  CC      drivers/hid/usbhid/hiddev.o
  CC      fs/fs-writeback.o
  CC      drivers/gpu/drm/drm_plane_helper.o
  CC      lib/string_helpers.o
  CC      net/ipv4/tcp_timer.o
  CC      fs/pnode.o
  CC      techpack/display/msm/sde_edid_parser.o
  CC      techpack/video/msm/vidc/hfi_iris1.o
  CC      lib/hexdump.o
  CC      fs/splice.o
  AR      drivers/hid/usbhid/built-in.a
  CC      drivers/hid/hid-core.o
  CC      net/qrtr/qrtr.o
  CC      drivers/gpu/drm/drm_dp_mst_topology.o
  CC      lib/kstrtox.o
  CC      techpack/video/msm/vidc/hfi_iris2.o
  CC      net/netfilter/nf_conntrack_standalone.o
  CC      net/ipv6/datagram.o
  CC      techpack/display/msm/sde_hdcp_1x.o
  CC      net/ipv4/tcp_ipv4.o
  CC      lib/pci_iomap.o
  CC      lib/iomap_copy.o
  CC      fs/sync.o
  CC      drivers/hid/hid-input.o
  CC      techpack/video/msm/vidc/hfi_response_handler.o
  CC      net/netfilter/nf_conntrack_expect.o
  CC      drivers/hwmon/hwmon.o
  CC      lib/devres.o
  CC      techpack/display/msm/sde_hdcp_2x.o
  CC      net/qrtr/smd.o
  CC      drivers/gpu/drm/drm_atomic_helper.o
  CC      net/ipv6/ip6_flowlabel.o
  CC      fs/utimes.o
  CC      net/qrtr/mhi.o
  CC      lib/logic_pio.o
  AR      drivers/hwmon/built-in.a
  CC      fs/d_path.o
  CC      techpack/display/msm/sde/sde_hw_catalog.o
  AR      drivers/firmware/built-in.a
  CC      fs/stack.o
  CC      net/ipv4/tcp_minisocks.o
  CC      techpack/display/msm/sde/sde_hw_cdm.o
  CC      drivers/hid/hid-quirks.o
  CC      lib/hweight.o
  CC      net/netfilter/nf_conntrack_helper.o
  AR      net/qrtr/built-in.a
  CC      drivers/hid/hidraw.o
  CC      lib/assoc_array.o
  CC      techpack/display/msm/sde/sde_hw_dspp.o
  CC      net/ipv6/inet6_connection_sock.o
  CC      drivers/gpu/drm/drm_kms_helper_common.o
  CC      techpack/video/msm/vidc/hfi_packetization.o
  CC      fs/fs_struct.o
  CC      drivers/gpu/drm/drm_dp_dual_mode_helper.o
  CC      drivers/gpu/drm/drm_simple_kms_helper.o
  CC      lib/list_debug.o
  CC      drivers/gpu/drm/drm_modeset_helper.o
  CC      drivers/hid/uhid.o
  CC      drivers/hid/hid-generic.o
  CC      lib/bitrev.o
  CC      lib/rational.o
  CC      net/ipv4/tcp_cong.o
  CC      fs/statfs.o
  CC      techpack/display/msm/sde/sde_hw_intf.o
  CC      lib/crc-ccitt.o
  CC      techpack/video/msm/vidc/vidc_hfi.o
  CC      net/netfilter/nf_conntrack_proto.o
  CC      fs/fs_pin.o
  CC      drivers/hwspinlock/hwspinlock_core.o
  CC      net/ipv4/tcp_metrics.o
  CC      drivers/hid/hid-apple.o
  CC      lib/crc16.o
  CC      net/ipv6/udp_offload.o
  CC      drivers/gpu/drm/drm_scdc_helper.o
  CC      lib/libcrc32c.o
  CC      techpack/video/msm/vidc/msm_vidc_clocks.o
  CC      drivers/hwspinlock/qcom_hwspinlock.o
  CC      drivers/hid/hid-dr.o
  CC      techpack/display/msm/sde/sde_hw_lm.o
  CC      net/ipv6/seg6.o
  CC      fs/nsfs.o
  CC      lib/crc8.o
  AR      drivers/hwspinlock/built-in.a
  CC      lib/xxhash.o
  CC      drivers/hid/hid-elecom.o
  CC      net/rfkill/core.o
  CC      net/ipv4/tcp_fastopen.o
  CC      drivers/gpu/msm/kgsl.o
  CC      drivers/gpu/drm/drm_gem_framebuffer_helper.o
  CC      fs/fs_context.o
  CC      techpack/display/msm/sde/sde_hw_ctl.o
  CC      drivers/gpu/msm/kgsl_trace.o
  CC      net/netfilter/nf_conntrack_proto_generic.o
  CC      net/ipv6/fib6_notifier.o
  CC      drivers/hid/hid-magicmouse.o
  CC      lib/genalloc.o
  AR      net/rfkill/built-in.a
  CC      drivers/gpu/msm/kgsl_drawobj.o
  CC      drivers/hid/hid-microsoft.o
  CC      drivers/gpu/drm/bridge/panel.o
  CC      lib/textsearch.o
  CC      fs/fs_parser.o
  CC      techpack/display/msm/sde/sde_hw_util.o
  CC      net/ipv4/tcp_rate.o
  CC      drivers/hid/hid-multitouch.o
  CC      net/netfilter/nf_conntrack_proto_tcp.o
  CC      net/ipv6/rpl.o
  CC      techpack/video/msm/vidc/msm_vidc_bus_ar50lite.o
  CC      lib/ts_kmp.o
  CC      fs/buffer.o
  CC      drivers/gpu/drm/drm_auth.o
  CC      lib/ts_bm.o
  CC      drivers/hid/hid-nintendo.o
  CC      drivers/gpu/drm/drm_bufs.o
  CC      techpack/video/msm/vidc/msm_vidc_bus_iris1.o
  CC      techpack/display/msm/sde/sde_hw_sspp.o
  CC      net/ipv6/sysctl_net_ipv6.o
  CC      lib/ts_fsm.o
  CC      net/ipv4/tcp_recovery.o
  CC      drivers/gpu/msm/kgsl_ioctl.o
  CC      drivers/gpu/drm/drm_cache.o
  CC      drivers/hid/hid-pl.o
  CC      lib/percpu_counter.o
  CC      net/ipv6/xfrm6_policy.o
  CC      net/netfilter/nf_conntrack_proto_udp.o
  CC      drivers/gpu/msm/kgsl_sharedmem.o
  CC      techpack/display/msm/sde/sde_hw_wb.o
  CC      drivers/hid/hid-plantronics.o
  CC      lib/audit.o
  CC      fs/block_dev.o
  CC      techpack/video/msm/vidc/msm_vidc_bus_iris2.o
  CC      fs/direct-io.o
  CC      net/ipv4/tcp_ulp.o
  CC      drivers/gpu/drm/drm_context.o
  CC      drivers/hid/hid-playstation.o
  CC      lib/compat_audit.o
  CC      drivers/gpu/drm/drm_dma.o
  CC      lib/syscall.o
  CC      net/ipv6/xfrm6_state.o
  CC      techpack/display/msm/sde/sde_hw_pingpong.o
  CC      net/netfilter/nf_conntrack_proto_icmp.o
  CC      techpack/video/msm/vidc/msm_vidc_buffer_calculations.o
  CC      techpack/display/msm/sde/sde_hw_top.o
  CC      drivers/hid/hid-sony.o
  CC      lib/nlattr.o
  CC      drivers/gpu/msm/kgsl_pwrctrl.o
  CC      drivers/gpu/drm/drm_file.o
  CC      fs/mpage.o
  CC      net/ipv4/tcp_offload.o
  CC      net/ipv4/datagram.o
  CC      net/ipv4/raw.o
  CC      net/ipv6/xfrm6_input.o
  CC      net/netfilter/nf_conntrack_extend.o
  CC      techpack/display/msm/sde/sde_hw_interrupts.o
  CC      drivers/hid/hid-steam.o
  CC      lib/checksum.o
  CC      drivers/gpu/drm/drm_gem.o
  AR      techpack/video/msm/built-in.a
  AR      techpack/video/built-in.a
  CC      techpack/display/msm/sde/sde_hw_vbif.o
  CC      drivers/hid/hid-gaff.o
  CC      fs/nomount.o
  CC      lib/cpu_rmap.o
  CC      drivers/gpu/drm/drm_ioctl.o
  CC      net/netfilter/nf_conntrack_acct.o
  CC      drivers/hid/wacom_wac.o
  CC      drivers/hid/wacom_sys.o
  CC      drivers/gpu/msm/kgsl_pwrscale.o
  CC      lib/dynamic_queue_limits.o
  CC      net/ipv6/xfrm6_output.o
  CC      lib/glob.o
  CC      net/ipv4/udp.o
  CC      techpack/display/msm/sde/sde_hw_blk.o
  CC      drivers/gpu/drm/drm_irq.o
  CC      lib/strncpy_from_user.o
  CC      net/ipv6/xfrm6_protocol.o
  CC      drivers/hid/hid-wiimote-core.o
  CC      techpack/display/msm/sde/sde_formats.o
  CC      net/netfilter/nf_conntrack_seqadj.o
  CC      lib/strnlen_user.o
  CC      drivers/gpu/trace/trace_gpu_mem.o
  CC      drivers/gpu/msm/kgsl_mmu.o
  CC      drivers/gpu/drm/drm_lock.o
  CC      drivers/gpu/vga/vgaarb.o
  CC      fs/proc_namespace.o
  CC      drivers/hid/hid-wiimote-modules.o
  CC      lib/net_utils.o
  CC      techpack/display/msm/sde_power_handle.o
  CC      net/ipv6/netfilter.o
  AR      drivers/gpu/trace/built-in.a
  CC      lib/sg_pool.o
  CC      net/sched/sch_generic.o
  CC      drivers/gpu/drm/drm_memory.o
  CC      fs/eventpoll.o
  CC      drivers/gpu/msm/kgsl_snapshot.o
  AR      drivers/gpu/vga/built-in.a
  CC      net/sched/sch_mq.o
  CC      net/sched/sch_api.o
  AR      drivers/hid/built-in.a
  CC      net/sched/sch_blackhole.o
  CC      net/netfilter/nf_conntrack_proto_icmpv6.o
  CC      net/ipv4/udplite.o
  CC      techpack/display/msm/sde/sde_hw_color_processing_v1_7.o
  CC      lib/asn1_decoder.o
  CC      drivers/gpu/drm/drm_drv.o
  CC      drivers/gpu/drm/drm_scatter.o
  CC      drivers/gpu/drm/drm_pci.o
  CC      lib/oid_registry.o
  CC      drivers/gpu/msm/kgsl_events.o
  CC      net/ipv6/fib6_rules.o
  CC      techpack/display/msm/sde/sde_reg_dma.o
  CC      net/netfilter/nf_conntrack_ecache.o
  CC      fs/anon_inodes.o
  CC      lib/sbitmap.o
  CC      lib/argv_split.o
  CC      net/ipv4/udp_offload.o
  CC      net/ipv4/arp.o
  CC      net/sctp/sm_statetable.o
  CC      net/sctp/sm_statefuns.o
  CC      drivers/gpu/drm/drm_sysfs.o
  CC      techpack/display/msm/sde/sde_hw_reg_dma_v1.o
  CC      fs/signalfd.o
  CC      drivers/gpu/msm/kgsl_gmu_core.o
  CC      net/sched/cls_api.o
  CC      lib/bug.o
  CC      net/ipv6/proc.o
  CC      lib/buildid.o
  CC      fs/timerfd.o
  CC      net/netfilter/nf_conntrack_proto_dccp.o
  CC      lib/clz_tab.o
  CC      techpack/display/msm/sde/sde_hw_dsc.o
  CC      net/ipv6/syncookies.o
  CC      drivers/gpu/drm/drm_hashtab.o
  CC      net/ipv6/ah6.o
  CC      drivers/gpu/msm/kgsl_gmu.o
  CC      net/ipv4/icmp.o
  CC      lib/cmdline.o
  CC      fs/eventfd.o
  CC      lib/cpumask.o
  CC      drivers/gpu/drm/drm_mm.o
  CC      techpack/display/msm/sde/sde_hw_ds.o
  CC      net/sched/act_api.o
  CC      net/sctp/sm_sideeffect.o
  CC      lib/ctype.o
  CC      net/ipv4/devinet.o
  CC      net/netfilter/nf_conntrack_proto_sctp.o
  CC      lib/dec_and_lock.o
  CC      net/netfilter/nf_conntrack_proto_gre.o
  CC      fs/userfaultfd.o
  CC      net/ipv6/esp6.o
  CC      lib/decompress.o
  CC      drivers/gpu/msm/kgsl_rgmu.o
  CC      techpack/display/msm/sde/sde_fence.o
  CC      drivers/gpu/drm/drm_crtc.o
  CC      lib/decompress_bunzip2.o
  CC      net/netfilter/nf_conntrack_netlink.o
  CC      net/sctp/protocol.o
  CC      lib/decompress_inflate.o
  CC      drivers/gpu/msm/kgsl_hfi.o
  CC      fs/aio.o
  CC      techpack/display/msm/sde/sde_hw_qdss.o
  CC      net/unix/af_unix.o
  CC      net/sched/act_police.o
  CC      lib/decompress_unlz4.o
  CC      net/sched/act_gact.o
  CC      drivers/gpu/drm/drm_fourcc.o
  CC      net/ipv4/af_inet.o
  CC      lib/decompress_unlzma.o
  CC      net/ipv6/ipcomp6.o
  CC      drivers/gpu/msm/kgsl_pool.o
  CC      techpack/display/msm/sde_dbg.o
  CC      net/netfilter/nf_conntrack_amanda.o
  CC      techpack/display/msm/sde_dbg_evtlog.o
  CC      net/sched/act_mirred.o
  CC      net/sctp/endpointola.o
  CC      lib/decompress_unzstd.o
  CC      drivers/gpu/drm/drm_modes.o
  CC      lib/dump_stack.o
  CC      drivers/gpu/msm/kgsl_reclaim.o
  CC      fs/locks.o
  CC      net/sctp/associola.o
  CC      net/ipv6/xfrm6_tunnel.o
  CC      techpack/display/msm/sde/sde_hw_rc.o
  CC      net/unix/garbage.o
  CC      net/sched/act_skbedit.o
  CC      net/ipv6/tunnel6.o
  CC      lib/earlycpio.o
  CC      net/netfilter/nf_conntrack_ftp.o
  CC      drivers/gpu/msm/kgsl_timeline.o
  CC      net/ipv4/igmp.o
  CC      drivers/gpu/drm/drm_edid.o
  CC      lib/extable.o
  CC      techpack/display/msm/sde/sde_wb.o
  CC      net/unix/sysctl_net_unix.o
  CC      lib/fdt.o
  CC      net/sctp/transport.o
  CC      net/ipv4/fib_frontend.o
  CC      net/sched/act_bpf.o
  CC      lib/fdt_empty_tree.o
  CC      fs/compat.o
  CC      lib/fdt_ro.o
  CC      drivers/gpu/msm/kgsl_iommu.o
  CC      net/ipv6/xfrm6_mode_transport.o
  CC      techpack/display/msm/sde/sde_encoder_phys_wb.o
  CC      net/unix/scm.o
  CC      net/netfilter/nf_conntrack_h323_main.o
  CC      lib/fdt_rw.o
  CC      fs/compat_ioctl.o
  CC      lib/fdt_strerror.o
  CC      net/sched/sch_fifo.o
  CC      net/sctp/chunk.o
  CC      lib/fdt_sw.o
  CC      lib/fdt_wip.o
  CC      net/ipv4/fib_semantics.o
  CC      net/ipv6/xfrm6_mode_tunnel.o
  CC      lib/flex_proportions.o
  CC      techpack/display/msm/sde_rsc.o
  CC      drivers/gpu/drm/drm_info.o
  CC      drivers/gpu/msm/kgsl_sync.o
  AR      net/unix/built-in.a
  CC      drivers/gpu/drm/drm_encoder_slave.o
  CC      lib/idr.o
  CC      techpack/display/msm/sde_rsc_hw.o
  CC      net/sctp/sm_make_chunk.o
  CC      net/sched/sch_htb.o
  CC      drivers/gpu/msm/kgsl_compat.o
  CC      drivers/gpu/msm/adreno_ioctl.o
  CC      net/netfilter/nf_conntrack_h323_asn1.o
  CC      lib/int_sqrt.o
  CC      net/ipv6/xfrm6_mode_beet.o
  CC      net/ipv6/mip6.o
  CC      lib/ioremap.o
  CC      drivers/gpu/drm/drm_trace_points.o
  CC      techpack/display/msm/sde_rsc_hw_v3.o
  CC      fs/binfmt_script.o
  CC      net/netfilter/nf_conntrack_irc.o
  CC      lib/irq_regs.o
  CC      drivers/gpu/msm/adreno_ringbuffer.o
  CC      net/ipv4/fib_trie.o
  CC      fs/binfmt_elf.o
  CC      net/sched/sch_ingress.o
  CC      techpack/display/msm/sde/sde_expo_dim_layer.o
  AR      drivers/hwtracing/intel_th/built-in.a
  CC      net/ipv6/ip6_vti.o
  CC      drivers/gpu/drm/drm_global.o
  CC      lib/is_single_threaded.o
  CC      net/ipv6/sit.o
  CC      drivers/gpu/drm/drm_prime.o
  CC      net/ipv4/fib_notifier.o
  CC      lib/klist.o
  CC      net/sctp/ulpevent.o
  CC      techpack/display/msm/dsi/dsi_phy.o
  CC      drivers/gpu/msm/adreno_drawctxt.o
  CC      net/sched/sch_tbf.o
  CC      fs/compat_binfmt_elf.o
  CC      net/netfilter/nf_conntrack_broadcast.o
  CC      lib/kobject.o
  CC      fs/mbcache.o
  CC      drivers/gpu/drm/drm_rect.o
  CC      fs/posix_acl.o
  CC      techpack/display/msm/dsi/dsi_pwr.o
  CC      net/ipv6/ip6_tunnel.o
  CC      lib/kobject_uevent.o
  CC      net/sched/sch_prio.o
  CC      drivers/gpu/msm/adreno_dispatch.o
  CC      net/sctp/inqueue.o
  CC      drivers/gpu/msm/adreno_snapshot.o
  CC      net/ipv4/inet_fragment.o
  CC      net/ipv6/addrconf_core.o
  CC      fs/coredump.o
  CC      drivers/gpu/drm/drm_vma_manager.o
  CC      techpack/display/msm/dsi/dsi_phy_hw_v2_0.o
  CC      net/netfilter/nf_conntrack_netbios_ns.o
  CC      net/sched/sch_multiq.o
  CC      net/sctp/outqueue.o
  CC      drivers/gpu/drm/drm_flip_work.o
  CC      lib/memneq.o
  CC      drivers/gpu/msm/adreno_trace.o
  CC      techpack/display/msm/dsi/dsi_phy_hw_v3_0.o
  GEN     net/wireless/shipped-certs.c
  CC      lib/nmi_backtrace.o
  CC      net/wireless/core.o
  CC      net/netfilter/nf_conntrack_pptp.o
  CC      net/sched/sch_netem.o
  CC      net/ipv4/ping.o
  CC      fs/drop_caches.o
  CC      net/ipv6/exthdrs_core.o
  CC      net/ipv4/ip_tunnel_core.o
  CC      drivers/gpu/drm/drm_modeset_lock.o
  CC      lib/nodemask.o
  CC      techpack/display/msm/dsi/dsi_phy_hw_v4_0.o
  CC      fs/iomap.o
  CC      drivers/gpu/msm/adreno_a6xx.o
  CC      net/sctp/ulpqueue.o
  CC      lib/plist.o
  CC      lib/radix-tree.o
  CC      net/netfilter/nf_conntrack_sane.o
  CC      net/sched/sch_fq.o
  CC      drivers/gpu/drm/drm_atomic.o
  CC      techpack/display/msm/dsi/dsi_phy_timing_calc.o
  CC      net/ipv6/ip6_checksum.o
  CC      lib/ratelimit.o
  CC      net/ipv4/gre_offload.o
  CC      drivers/gpu/msm/adreno_a6xx_snapshot.o
  CC      net/sctp/tsnmap.o
  CC      net/sctp/bind_addr.o
  CC      lib/rbtree.o
  CC      net/wireless/sysfs.o
  CC      fs/dcookies.o
  CC      techpack/display/msm/dsi/dsi_phy_timing_v2_0.o
  CC      net/netfilter/nf_conntrack_tftp.o
  CC      net/sched/cls_u32.o
  CC      lib/seq_buf.o
  CC      drivers/gpu/drm/drm_bridge.o
  CC      net/ipv4/metrics.o
  CC      net/ipv6/ip6_icmp.o
  CC      lib/sha1.o
  CC      techpack/display/msm/dsi/dsi_phy_timing_v3_0.o
  CC      drivers/i2c/algos/i2c-algo-bit.o
  CC      net/sctp/socket.o
  AR      fs/built-in.a
  CC      drivers/i2c/busses/i2c-qcom-geni.o
  CC      drivers/gpu/msm/adreno_a6xx_preempt.o
  CC      lib/show_mem.o
  CC      net/wireless/radiotap.o
  CC      net/sched/cls_fw.o
  CC      net/netfilter/nf_log_common.o
  CC      drivers/gpu/drm/drm_framebuffer.o
  CC      techpack/display/msm/dsi/dsi_phy_timing_v4_0.o
  CC      lib/siphash.o
  AR      drivers/i2c/algos/built-in.a
  CC      lib/string.o
  CC      net/ipv4/netlink.o
  AR      drivers/i2c/busses/built-in.a
  CC      net/ipv6/output_core.o
  AR      drivers/i2c/muxes/built-in.a
  CC      drivers/i2c/i2c-boardinfo.o
  CC      drivers/gpu/msm/adreno_a6xx_gmu.o
  CC      drivers/i2c/i2c-core-base.o
  CC      lib/timerqueue.o
  CC      net/sched/cls_flow.o
  CC      techpack/display/msm/dsi/dsi_ctrl_hw_cmn.o
  CC      net/wireless/util.o
  CC      net/ipv6/protocol.o
  CC      drivers/gpu/drm/drm_connector.o
  CC      lib/vsprintf.o
  CC      net/netfilter/nf_nat_core.o
  CC      drivers/gpu/msm/adreno_a6xx_rgmu.o
  CC      net/ipv4/nexthop.o
  CC      drivers/gpu/drm/drm_blend.o
  CC      techpack/display/msm/dsi/dsi_ctrl_hw_1_4.o
  CC      techpack/display/msm/dsi/dsi_ctrl_hw_2_0.o
  CC      net/ipv6/ip6_offload.o
  CC      drivers/i2c/i2c-core-smbus.o
  CC      drivers/gpu/msm/adreno_sysfs.o
  CC      net/sched/cls_bpf.o
  CC      net/ipv6/tcpv6_offload.o
  CC      drivers/gpu/drm/drm_encoder.o
  CC      techpack/display/msm/dsi/dsi_ctrl_hw_2_2.o
  CC      drivers/gpu/msm/adreno.o
  CC      net/sctp/primitive.o
  CC      net/netfilter/nf_nat_proto_unknown.o
  CC      lib/win_minmax.o
  CC      net/xdp/xsk.o
  CC      net/sched/cls_matchall.o
  CC      net/wireless/reg.o
  CC      net/ipv4/udp_tunnel_stub.o
  CC      drivers/i2c/i2c-core-of.o
  CC      drivers/gpu/drm/drm_mode_object.o
  CC      techpack/display/msm/dsi/dsi_ctrl.o
  CC      net/ipv6/exthdrs_offload.o
  CC      lib/xarray.o
  CC      net/sctp/output.o
  CC      net/netfilter/nf_nat_proto_common.o
  CC      drivers/i2c/i2c-dev.o
  CC      net/sched/ematch.o
  GEN     lib/crc32table.h
  CC      net/xdp/xdp_umem.o
  AR      lib/lib.a
  CC      net/ipv6/inet6_hashtables.o
  CC      lib/crc32.o
  CC      drivers/gpu/drm/drm_property.o
  CC      drivers/i2c/i2c-mux.o
  CC      net/ipv4/ip_tunnel.o
  CC      drivers/gpu/msm/adreno_cp_parser.o
  CC      techpack/display/msm/dsi/dsi_catalog.o
  CC      net/sctp/input.o
  EXPORTS lib/lib-ksyms.o
  CC      net/netfilter/nf_nat_proto_udp.o
  AR      lib/built-in.a
  CC      drivers/gpu/msm/adreno_perfcounter.o
  CC      net/sched/em_cmp.o
  AR      drivers/i2c/built-in.a
  CC      net/sctp/debug.o
  CC      net/xdp/xsk_queue.o
  CC      techpack/display/msm/dsi/dsi_drm.o
  CC      drivers/gpu/drm/drm_plane.o
  CC      net/sctp/stream.o
  CC      net/ipv6/ip6_udp_tunnel.o
  CC      net/sched/em_nbyte.o
  CC      drivers/gpu/msm/adreno_iommu.o
  CC      net/netfilter/nf_nat_proto_tcp.o
  CC      net/netfilter/nf_nat_helper.o
  CC      net/ipv4/sysctl_net_ipv4.o
  CC      net/xdp/xskmap.o
  CC      techpack/display/msm/dsi/dsi_display.o
  CC      net/netfilter/nf_nat_proto_dccp.o
  CC      drivers/gpu/drm/drm_color_mgmt.o
  CC      net/sctp/auth.o
  CC      drivers/gpu/msm/adreno_compat.o
  CC      net/sched/em_u32.o
  CC      net/ipv6/mcast_snoop.o
  CC      net/sctp/offload.o
  CC      net/ipv4/proc.o
  AR      net/xdp/built-in.a
  CC      drivers/i3c/master/i3c-master-qcom-geni.o
  AR      drivers/gpu/msm/built-in.a
  CC      techpack/display/msm/dsi/dsi_panel.o
  CC      drivers/gpu/drm/drm_dumb_buffers.o
  CC      net/wireless/scan.o
  CC      net/netfilter/nf_nat_proto_sctp.o
  CC      net/sched/em_meta.o
  CC      net/wireless/nl80211.o
  CC      net/sctp/stream_sched.o
  CC      drivers/gpu/drm/drm_mode_config.o
  AR      net/ipv6/built-in.a
  CC      net/sctp/stream_sched_prio.o
  AR      drivers/i3c/master/built-in.a
  CC      drivers/i3c/device.o
  CC      net/ipv4/fib_rules.o
  CC      net/sctp/stream_sched_rr.o
  CC      net/netfilter/nf_nat_redirect.o
  CC      net/sctp/stream_interleave.o
  CC      net/sched/em_text.o
  CC      drivers/i3c/master.o
  CC      drivers/gpu/drm/drm_vblank.o
  CC      techpack/display/msm/dsi/dsi_clk_manager.o
  CC      net/xfrm/xfrm_policy.o
  AR      drivers/idle/built-in.a
  CC      net/sctp/proc.o
  CC      net/ipv4/gre_demux.o
  AR      net/sched/built-in.a
  CC      net/xfrm/xfrm_state.o
  CC      techpack/display/msm/dsi/dsi_display_test.o
  AR      drivers/i3c/built-in.a
  CC      net/ipv4/udp_tunnel_core.o
  CC      net/netfilter/nf_nat_amanda.o
  CC      net/ipv4/udp_tunnel_nic.o
  CC      net/ipv4/ip_vti.o
  CC      net/ipv4/syncookies.o
  CC      drivers/gpu/drm/drm_syncobj.o
  CC      net/sctp/sysctl.o
  CC      techpack/display/msm/dsi/dsi_display_mi.o
  CC      net/netfilter/nf_nat_ftp.o
  CC      techpack/display/msm/dsi/dsi_panel_mi.o
  CC      techpack/display/msm/dsi/mi_disp_lhbm.o
  CC      techpack/display/msm/dsi/dsi_parser.o
  CC      net/sctp/ipv6.o
  CC      net/socket.o
  CC      drivers/gpu/drm/drm_lease.o
  CC      net/netfilter/nf_nat_irc.o
  CC      drivers/gpu/drm/drm_writeback.o
  CC      net/ipv4/ah4.o
  CC      net/xfrm/xfrm_hash.o
  AR      drivers/iio/accel/built-in.a
  CC      drivers/iio/adc/qcom-spmi-adc5.o
  CC      net/wireless/mlme.o
  CC      net/xfrm/xfrm_input.o
  CC      net/wireless/ibss.o
  CC      net/compat.o
  CC      net/sctp/diag.o
  CC      drivers/gpu/drm/drm_client.o
  CC      net/netfilter/nf_nat_tftp.o
  CC      drivers/iio/adc/qcom-vadc-common.o
  CC      net/ipv4/esp4.o
  CC      techpack/display/msm/msm_atomic.o
  AR      drivers/iio/adc/built-in.a
  AR      drivers/iio/addac/built-in.a
  AR      drivers/iio/afe/built-in.a
  AR      drivers/iio/amplifiers/built-in.a
  CC      drivers/iio/buffer/industrialio-buffer-cb.o
  CC      drivers/gpu/drm/drm_notifier_mi.o
  CC      net/netfilter/nf_conncount.o
  AR      drivers/iio/chemical/built-in.a
  CC      techpack/display/msm/msm_fb.o
  AR      net/sctp/built-in.a
  CC      drivers/gpu/drm/drm_ioc32.o
  CC      drivers/gpu/drm/ati_pcigart.o
  CC      net/xfrm/xfrm_output.o
  CC      drivers/iio/buffer/industrialio-triggered-buffer.o
  CC      net/xfrm/xfrm_sysctl.o
  CC      net/xfrm/xfrm_replay.o
  CC      net/xfrm/xfrm_device.o
  CC      drivers/iio/buffer/kfifo_buf.o
  CC      techpack/display/msm/msm_iommu.o
  CC      net/ipv4/ipcomp.o
  CC      net/xfrm/xfrm_proc.o
  CC      net/wireless/sme.o
  CC      techpack/display/msm/msm_drv.o
  CC      drivers/gpu/drm/drm_panel.o
  CC      techpack/display/msm/msm_gem.o
  CC      drivers/gpu/drm/drm_of.o
  AR      drivers/iio/buffer/built-in.a
  AR      drivers/iio/common/cros_ec_sensors/built-in.a
  CC      net/netfilter/x_tables.o
  AR      drivers/iio/common/hid-sensors/built-in.a
  AR      drivers/iio/common/ms_sensors/built-in.a
  AR      drivers/iio/common/ssp_sensors/built-in.a
  CC      net/wireless/chan.o
  AR      drivers/iio/common/st_sensors/built-in.a
  AR      drivers/iio/common/built-in.a
  AR      drivers/iio/counter/built-in.a
  AR      drivers/iio/dac/built-in.a
  CC      techpack/display/msm/msm_gem_prime.o
  AR      drivers/iio/dummy/built-in.a
  AR      drivers/iio/frequency/built-in.a
  AR      drivers/iio/gyro/built-in.a
  AR      drivers/iio/health/built-in.a
  AR      drivers/iio/humidity/built-in.a
  AR      drivers/iio/imu/bmi160/built-in.a
  AR      drivers/iio/imu/inv_mpu6050/built-in.a
  AR      drivers/iio/imu/st_lsm6dsx/built-in.a
  AR      drivers/iio/imu/built-in.a
  AR      drivers/iio/light/built-in.a
  CC      net/wireless/ethtool.o
  CC      net/ipv4/xfrm4_tunnel.o
  AR      drivers/iio/magnetometer/built-in.a
  AR      drivers/iio/multiplexer/built-in.a
  AR      drivers/iio/orientation/built-in.a
  AR      drivers/iio/potentiometer/built-in.a
  CC      net/ipv4/xfrm4_mode_beet.o
  AR      drivers/iio/potentiostat/built-in.a
  CC      net/xfrm/xfrm_algo.o
  AR      drivers/iio/pressure/built-in.a
  CC      drivers/iio/proximity/inv_ch101/ch101_core.o
  CC      drivers/iio/proximity/us_prox.o
  CC      drivers/gpu/drm/drm_mipi_dsi.o
  CC      drivers/input/fingerprint/fpc/fpc1020_tee.o
  CC      techpack/display/msm/msm_gem_vma.o
  CC      net/xfrm/xfrm_user.o
  CC      drivers/iio/proximity/inv_ch101/ch101_sysfs.o
  CC      net/ipv4/tunnel4.o
  CC      net/ipv4/xfrm4_mode_transport.o
  CC      net/ipv4/xfrm4_mode_tunnel.o
  CC      net/netfilter/xt_tcpudp.o
  AR      drivers/input/fingerprint/fpc/built-in.a
  CC      drivers/gpu/drm/drm_panel_orientation_quirks.o
  AR      drivers/iio/resolver/built-in.a
  CC      drivers/input/fingerprint/goodix/gf_spi.o
  CC      drivers/iio/proximity/inv_ch101/src/init_driver.o
  CC      drivers/input/fingerprint/goodix/platform.o
  CC      techpack/display/msm/msm_smmu.o
  CC      drivers/input/fingerprint/goodix/netlink.o
  CC      net/wireless/mesh.o
  AR      drivers/gpu/drm/built-in.a
  AR      drivers/gpu/built-in.a
  CC      drivers/iio/proximity/inv_ch101/src/chbsp_dummy.o
  CC      net/wireless/ap.o
  CC      net/wireless/trace.o
  CC      net/wireless/ocb.o
  CC      net/wireless/of.o
  CC      drivers/iio/proximity/inv_ch101/src/chbsp_init.o
  CC      net/sysctl_net.o
  CC      net/netfilter/xt_mark.o
  CC      techpack/display/msm/msm_prop.o
  AR      drivers/input/fingerprint/goodix/built-in.a
  CC      drivers/iio/proximity/inv_ch101/src/chirp_hal.o
  AR      drivers/input/fingerprint/built-in.a
  CC      net/ipv4/ipconfig.o
  CC      drivers/input/joystick/xpad.o
  CC      net/netfilter/xt_connmark.o
  CC      drivers/iio/proximity/inv_ch101/src/i2c_hal.o
  CC      net/xfrm/xfrm_ipcomp.o
  CC      techpack/display/msm/msm_notifier.o
  AR      drivers/input/joystick/built-in.a
  CC      drivers/input/keyboard/nanosic_driver/nano_chardev.o
  CC      drivers/input/misc/aw8697_haptic/aw8697.o
  CC      drivers/input/misc/xiaomi_keyboard/xiaomi_keyboard.o
  CC      drivers/input/misc/aw8697_haptic/ringbuffer.o
  CC      drivers/iio/temperature/tdk_thermistor.o
  CC      drivers/input/misc/qpnp-power-on.o
  CC      drivers/iio/proximity/inv_ch101/src/ch101_gpr.o
  CC      net/netfilter/xt_nat.o
  CC      techpack/display/msm/dsi/exposure_adjustment.o
  CC      drivers/iio/proximity/inv_ch101/src/ch101_gpr_fw.o
  CC      drivers/iio/proximity/inv_ch101/src/ch101_gpr_open.o
  AR      drivers/input/misc/xiaomi_keyboard/built-in.a
  CC      drivers/input/serio/serio.o
  CC      net/ipv4/netfilter.o
  CC      drivers/input/keyboard/nanosic_driver/nano_sysfs.o
  AR      drivers/iio/temperature/built-in.a
  CC      drivers/input/keyboard/atkbd.o
  CC      drivers/input/tablet/acecad.o
  CC      drivers/iio/proximity/inv_ch101/src/ch101_gpr_open_fw.o
  CC      drivers/iio/proximity/inv_ch101/src/ch101_gpr_sr_open.o
  CC      drivers/iio/proximity/inv_ch101/src/ch101_gpr_sr_open_fw.o
  AR      techpack/display/msm/built-in.a
  AR      techpack/display/built-in.a
  CC      drivers/iio/proximity/inv_ch101/src/ch_api.o
  CC      net/xfrm/xfrm_interface_core.o
  AR      techpack/built-in.a
  CC      drivers/input/tablet/aiptek.o
  CC      drivers/input/serio/libps2.o
  CC      drivers/input/keyboard/nanosic_driver/nano_workqueue.o
  CC      net/ipv4/inet_diag.o
  CC      net/netfilter/xt_CLASSIFY.o
  AR      drivers/iio/trigger/built-in.a
  CC      drivers/input/tablet/gtco.o
  CC      drivers/iio/industrialio-core.o
  CC      drivers/iio/proximity/inv_ch101/src/ch_common.o
  AR      drivers/input/misc/aw8697_haptic/built-in.a
  CC      drivers/input/misc/uinput.o
  CC      drivers/iio/proximity/inv_ch101/src/ch_driver.o
  CC      drivers/input/tablet/hanwang.o
  CC      net/wireless/regdb.o
  AR      drivers/input/serio/built-in.a
  CC      drivers/input/keyboard/nanosic_driver/nano_driver.o
  CC      drivers/input/tablet/kbtab.o
  CC      drivers/iio/industrialio-event.o
  CC      net/netfilter/xt_CONNSECMARK.o
  CC      drivers/iio/proximity/inv_ch101/src/ch201_gprmt_fw.o
  AR      drivers/input/misc/built-in.a
  CC      drivers/input/keyboard/gpio_keys.o
  AR      net/xfrm/built-in.a
  CC      net/wireless/shipped-certs.o
  CC      drivers/input/keyboard/nanosic_driver/nano_i2c.o
  CC      drivers/iommu/iommu.o
  CC      drivers/iio/proximity/inv_ch101/ch101_i2c.o
  AR      drivers/input/tablet/built-in.a
  CC      drivers/iommu/iommu-traces.o
  CC      net/netfilter/xt_CT.o
  CC      drivers/irqchip/irqchip.o
  CC      net/ipv4/tcp_diag.o
  CC      drivers/irqchip/irq-gic.o
  AR      drivers/iio/proximity/inv_ch101/built-in.a
  AR      drivers/iio/proximity/built-in.a
  CC      drivers/iio/inkern.o
  CC      drivers/irqchip/irq-gic-common.o
  CC      drivers/irqchip/irq-gic-v2m.o
  CC      drivers/input/keyboard/nanosic_driver/nano_input.o
  CC      drivers/iommu/iommu-sysfs.o
-- KernelSU-Next Git repo detected at: /home/guranotfound/firefly-next/KernelSU-Next
-- KernelSU-Next version: 33189
-- KernelSU-Next tag: v3.2.0-legacy
-- KernelSU-Next Manager signature size: 0x3e6
-- KernelSU-Next Manager signature hash: 79e590113c4c4c0c222978e413a5faa801666957b1212a328e46c00c69821bf7
-- KernelSU-Next: Hook mode: Manual
  CC      net/wireless/wext-core.o
  CC      drivers/kernelsu/core/init.o
  CC      drivers/kernelsu/compat/kernel_compat.o
  CC      drivers/kernelsu/feature/kernel_umount.o
  CC      drivers/kernelsu/feature/sulog.o
  CC      drivers/input/keyboard/nanosic_driver/nano_timer.o
  CC      net/netfilter/xt_DSCP.o
  CC      drivers/kernelsu/feature/sucompat.o
  CC      drivers/iio/industrialio-buffer.o
  CC      drivers/iommu/dma-iommu.o
  CC      drivers/irqchip/irq-gic-v3.o
  CC      net/ipv4/udp_diag.o
  CC      drivers/irqchip/irq-gic-v3-mbi.o
  CC      drivers/input/keyboard/nanosic_driver/nano_gpio.o
  CC      net/netfilter/xt_LOG.o
  CC      net/netfilter/xt_NETMAP.o
  CC      net/wireless/wext-proc.o
  CC      net/netfilter/xt_NFLOG.o
  CC      net/wireless/wext-spy.o
  CC      net/wireless/wext-priv.o
  CC      drivers/irqchip/irq-gic-v3-its.o
  CC      drivers/kernelsu/hook/hook_manager.o
  CC      net/ipv4/tcp_bbr.o
  CC      drivers/iio/industrialio-trigger.o
  CC      drivers/iommu/msm_dma_iommu_mapping.o
  CC      drivers/input/keyboard/nanosic_driver/nano_cache.o
  CC      drivers/kernelsu/hook/lsm_hooks.o
  CC      net/ipv4/tcp_cubic.o
  CC      drivers/leds/trigger/ledtrig-timer.o
  CC      drivers/input/touchscreen/focaltech_spi/focaltech_core.o
  CC      net/netfilter/xt_NFQUEUE.o
  CC      drivers/input/touchscreen/focaltech_spi/focaltech_ex_fun.o
  AR      drivers/input/keyboard/nanosic_driver/built-in.a
  AR      drivers/input/keyboard/built-in.a
  CC      drivers/leds/led-core.o
  AR      drivers/iio/built-in.a
  CC      drivers/iommu/io-pgtable.o
  AR      drivers/leds/trigger/built-in.a
  CC      drivers/kernelsu/hook/setuid_hook.o
  CC      net/ipv4/tcp_bpf.o
  CC      net/netfilter/xt_REDIRECT.o
  CC      drivers/input/touchscreen/xiaomi/xiaomi_touch.o
  CC      drivers/leds/led-class.o
  CC      drivers/input/touchscreen/focaltech_spi/focaltech_ex_mode.o
  CC      drivers/irqchip/irq-gic-v3-its-platform-msi.o
  CC      drivers/irqchip/irq-gic-v4.o
  CC      drivers/input/input.o
  AR      net/wireless/built-in.a
  AR      drivers/macintosh/built-in.a
  CC      drivers/input/input-compat.o
  CC      drivers/input/touchscreen/of_touchscreen.o
  CC      drivers/iommu/io-pgtable-arm.o
  AR      drivers/input/touchscreen/xiaomi/built-in.a
  CC      drivers/iommu/iova.o
  CC      drivers/kernelsu/extras.o
  CC      drivers/iommu/io-pgtable-fast.o
  CC      drivers/leds/led-triggers.o
  CC      drivers/irqchip/irq-gic-v3-its-pci-msi.o
  CC      drivers/input/touchscreen/focaltech_spi/focaltech_gesture.o
  CC      net/netfilter/xt_SECMARK.o
  CC      drivers/iommu/dma-mapping-fast.o
  CC      drivers/mailbox/mailbox.o
  CC      drivers/kernelsu/infra/file_wrapper.o
  CC      drivers/kernelsu/infra/event_queue.o
  CC      drivers/leds/leds-qti-tri-led.o
  CC      net/ipv4/udp_bpf.o
  CC      drivers/irqchip/irq-partition-percpu.o
  CC      drivers/irqchip/msm_show_resume_irq.o
  CC      drivers/input/touchscreen/tp_common.o
  CC      net/netfilter/xt_TPROXY.o
  CC      drivers/input/touchscreen/focaltech_spi/focaltech_esdcheck.o
  CC      drivers/mailbox/qcom-apcs-ipc-mailbox.o
  CC      net/netfilter/xt_TCPMSS.o
  CC      drivers/leds/leds-qpnp-flash-v2.o
  CC      drivers/kernelsu/infra/seccomp_cache.o
  CC      drivers/md/dm-uevent.o
  CC      net/ipv4/xfrm4_policy.o
  CC      drivers/input/input-mt.o
  CC      drivers/irqchip/qcom-pdc.o
  CC      drivers/mailbox/msm_qmp.o
  CC      drivers/iommu/of_iommu.o
  CC      drivers/input/touchscreen/focaltech_spi/focaltech_spi.o
  CC      drivers/kernelsu/infra/su_mount_ns.o
  CC      drivers/leds/leds-qpnp-flash-common.o
  AR      drivers/irqchip/built-in.a
  CC      drivers/leds/leds-aw2015.o
  CC      net/ipv4/xfrm4_state.o
  CC      drivers/kernelsu/manager/apk_sign.o
  CC      drivers/md/dm.o
  AR      drivers/media/common/b2c2/built-in.a
  AR      drivers/media/common/saa7146/built-in.a
  AR      drivers/media/common/siano/built-in.a
  AR      drivers/mailbox/built-in.a
  AR      drivers/media/common/v4l2-tpg/built-in.a
  CC      drivers/media/dvb-core/dvbdev.o
  CC      drivers/media/common/videobuf2/videobuf2-core.o
  CC      net/netfilter/xt_TEE.o
  CC      drivers/media/common/videobuf2/vb2-trace.o
  CC      drivers/input/touchscreen/focaltech_spi/focaltech_point_report_check.o
  CC      drivers/iommu/arm-smmu.o
  CC      drivers/media/common/videobuf2/videobuf2-v4l2.o
  CC      drivers/media/common/videobuf2/videobuf2-memops.o
  AR      drivers/leds/built-in.a
  CC      drivers/input/ff-core.o
  CC      drivers/input/touchscreen/focaltech_spi/focaltech_flash.o
  CC      drivers/media/dvb-core/dmxdev.o
  CC      net/ipv4/xfrm4_input.o
  CC      drivers/kernelsu/manager/throne_tracker.o
  CC      net/netfilter/xt_TRACE.o
  AR      drivers/media/dvb-frontends/built-in.a
  CC      drivers/md/dm-table.o
  CC      drivers/iommu/arm-smmu-debug.o
  AR      drivers/media/firewire/built-in.a
  CC      drivers/input/event_notify.o
  CC      drivers/input/touchscreen/focaltech_spi/focaltech_flash/focaltech_upgrade_ft3658u.o
  CC      drivers/media/common/videobuf2/videobuf2-vmalloc.o
  AR      drivers/media/i2c/soc_camera/built-in.a
  CC      drivers/media/i2c/ir-kbd-i2c.o
  AR      drivers/media/mmc/siano/built-in.a
  AR      drivers/media/mmc/built-in.a
  CC      drivers/iommu/iommu-logger.o
  CC      drivers/media/dvb-core/dvb_demux.o
  CC      net/netfilter/xt_IDLETIMER.o
  CC      drivers/kernelsu/manager/pkg_observer.o
  CC      drivers/input/ff-memless.o
  CC      drivers/input/touchscreen/focaltech_spi/focaltech_test/focaltech_test.o
  CC      net/ipv4/xfrm4_output.o
  AR      drivers/media/common/videobuf2/built-in.a
  AR      drivers/media/common/built-in.a
  CC      drivers/input/input-leds.o
  CC      drivers/kernelsu/policy/allowlist.o
  CC      drivers/input/touchscreen/focaltech_spi/focaltech_test/focaltech_test_ini.o
  CC      drivers/mfd/mfd-core.o
  AR      drivers/iommu/built-in.a
  CC      drivers/md/dm-target.o
  AR      drivers/media/i2c/built-in.a
  CC      net/netfilter/xt_HARDIDLETIMER.o
  CC      net/ipv4/xfrm4_protocol.o
  CC      drivers/kernelsu/policy/app_profile.o
  CC      drivers/media/dvb-core/dvb_ca_en50221.o
  CC      drivers/input/touchscreen/focaltech_spi/focaltech_test/supported_ic/focaltech_test_ft3658u.o
  CC      drivers/mfd/qcom-i2c-pmic.o
  AR      drivers/misc/cb710/built-in.a
  AR      drivers/misc/eeprom/built-in.a
  CC      drivers/misc/kxrctrl/aphost.o
  CC      net/netfilter/xt_bpf.o
  AR      drivers/misc/lis3lv02d/built-in.a
  AR      drivers/mmc/built-in.a
  CC      drivers/input/evdev.o
  CC      drivers/md/dm-linear.o
  CC      net/ipv4/bpf_tcp_ca.o
  CC      drivers/mfd/qcom-spmi-pmic.o
  CC      drivers/media/dvb-core/dvb_frontend.o
  CC      drivers/kernelsu/policy/feature.o
  AR      drivers/media/pci/b2c2/built-in.a
  AR      drivers/misc/mic/bus/built-in.a
  AR      drivers/media/pci/ddbridge/built-in.a
  AR      drivers/misc/mic/built-in.a
  CC      drivers/kernelsu/runtime/boot_event.o
  AR      drivers/media/pci/dm1105/built-in.a
  CC      drivers/mfd/syscon.o
  AR      drivers/media/pci/intel/ipu3/built-in.a
  AR      drivers/media/pci/mantis/built-in.a
  CC [M]  net/ipv4/tcp_bic.o
  AR      drivers/media/pci/intel/built-in.a
  CC      drivers/mtd/chips/chipreg.o
  AR      drivers/media/pci/netup_unidvb/built-in.a
  AR      drivers/misc/kxrctrl/built-in.a
  AR      drivers/media/pci/ngene/built-in.a
  AR      drivers/misc/qrc/built-in.a
  AR      drivers/media/pci/pluto2/built-in.a
  AR      drivers/misc/ti-st/built-in.a
  AR      drivers/media/pci/pt1/built-in.a
  CC      drivers/misc/hdcp_qseecom.o
  AR      drivers/media/pci/pt3/built-in.a
  AR      drivers/media/pci/saa7146/built-in.a
  AR      drivers/media/pci/smipcie/built-in.a
  AR      drivers/media/pci/ttpci/built-in.a
  AR      drivers/media/pci/built-in.a
  CC      drivers/mtd/devices/block2mtd.o
  CC      net/netfilter/xt_comment.o
  CC      drivers/md/dm-stripe.o
  CC      drivers/misc/msm_hdcp.o
  AR      drivers/mtd/chips/built-in.a
  CC      drivers/kernelsu/runtime/ksud_integration.o
  AR      drivers/mfd/built-in.a
  CC      drivers/net/bonding/bond_main.o
  CC      drivers/net/can/dev/dev.o
  CC      drivers/media/dvb-core/dvb_net.o
  AR      drivers/mtd/devices/built-in.a
  AR      drivers/mtd/lpddr/built-in.a
  CC      net/netfilter/xt_connlimit.o
  AR      drivers/mtd/maps/built-in.a
  CC      drivers/net/can/dev/rx-offload.o
  AR      drivers/mtd/nand/onenand/built-in.a
  AR      drivers/net/dsa/b53/built-in.a
  AR      drivers/mtd/nand/raw/built-in.a
  CC [M]  net/ipv4/tcp_westwood.o
  AR      drivers/net/dsa/microchip/built-in.a
  AR      drivers/mtd/nand/spi/built-in.a
  AR      drivers/net/dsa/mv88e6xxx/built-in.a
  CC      drivers/misc/qseecom.o
  AR      drivers/mtd/nand/built-in.a
  AR      drivers/input/touchscreen/focaltech_spi/built-in.a
  AR      drivers/net/dsa/built-in.a
  AR      drivers/mtd/parsers/built-in.a
  AR      drivers/input/touchscreen/built-in.a
  CC      drivers/md/dm-ioctl.o
  AR      drivers/input/built-in.a
  AR      drivers/mtd/tests/built-in.a
  CC      drivers/mtd/mtdcore.o
  CC      drivers/nfc/nq-nci.o
  AR      drivers/nvme/host/built-in.a
  AR      drivers/nvme/target/built-in.a
  AR      drivers/nvme/built-in.a
  CC      drivers/mtd/mtdsuper.o
  CC      drivers/kernelsu/selinux/selinux.o
  AR      drivers/nfc/built-in.a
  CC      drivers/md/dm-io.o
  CC      net/netfilter/xt_conntrack.o
  CC [M]  net/ipv4/tcp_htcp.o
  CC      drivers/mtd/mtdconcat.o
  CC      drivers/misc/uid_sys_stats.o
  CC      net/netfilter/xt_dscp.o
  AR      drivers/net/can/dev/built-in.a
  AR      drivers/net/can/rcar/built-in.a
  AR      drivers/net/can/softing/built-in.a
  CC      drivers/media/dvb-core/dvb_ringbuffer.o
  CC      drivers/net/can/spi/mcp25xxfd.o
  CC      net/netfilter/xt_ecn.o
  CC      drivers/net/bonding/bond_3ad.o
  CC      drivers/kernelsu/selinux/rules.o
  CC      drivers/kernelsu/selinux/sepolicy.o
  CC      drivers/media/dvb-core/dvb_math.o
  CC      drivers/md/dm-kcopyd.o
  AR      drivers/media/platform/cros-ec-cec/built-in.a
  AR      drivers/media/platform/davinci/built-in.a
  AR      drivers/media/platform/meson/built-in.a
  CC      drivers/media/platform/msm/cvp/msm_v4l2_cvp.o
  AR      net/ipv4/built-in.a
  CC      drivers/media/radio/rtc6226/radio-rtc6226-i2c.o
  CC      drivers/media/radio/rtc6226/radio-rtc6226-common.o
  CC      drivers/mtd/mtdpart.o
  AR      drivers/media/dvb-core/built-in.a
  CC      drivers/media/platform/msm/cvp/msm_v4l2_private.o
  CC      net/netfilter/xt_esp.o
  CC      net/netfilter/xt_hashlimit.o
  CC      drivers/net/bonding/bond_alb.o
  AR      drivers/net/can/spi/built-in.a
  CC      drivers/nvmem/core.o
  AR      drivers/net/can/usb/built-in.a
  AR      drivers/net/can/built-in.a
  CC      drivers/misc/okl4-virq.o
  CC      drivers/nvmem/qfprom.o
  CC      drivers/mtd/mtdchar.o
  CC      drivers/md/dm-sysfs.o
  AR      drivers/media/radio/rtc6226/built-in.a
  AR      drivers/media/radio/built-in.a
  CC      drivers/md/dm-stats.o
  CC      drivers/mtd/ofpart.o
  CC      drivers/md/dm-rq.o
  CC      drivers/md/dm-builtin.o
  CC      drivers/kernelsu/sulog/event.o
  CC      drivers/nvmem/qcom-spmi-sdam.o
  CC      net/netfilter/xt_helper.o
  CC      drivers/media/platform/msm/cvp/msm_cvp_platform.o
  CC      drivers/media/rc/keymaps/rc-adstech-dvb-t-pci.o
  CC      drivers/mtd/mtd_blkdevs.o
  CC      drivers/net/bonding/bond_sysfs.o
  CC      drivers/media/rc/rc-main.o
  AR      drivers/nvmem/built-in.a
  AR      drivers/net/ethernet/3com/built-in.a
  AR      drivers/net/ethernet/8390/built-in.a
  AR      drivers/net/ethernet/adaptec/built-in.a
  AR      drivers/net/ethernet/agere/built-in.a
  AR      drivers/net/ethernet/alacritech/built-in.a
  AR      drivers/net/ethernet/alteon/built-in.a
  AR      drivers/net/ethernet/amazon/built-in.a
  AR      drivers/net/ethernet/amd/built-in.a
  CC      drivers/net/ethernet/aquantia/atlantic-fwd/atl_fw.o
  CC      drivers/media/rc/keymaps/rc-alink-dtu-m.o
  CC      drivers/net/ethernet/aquantia/atlantic-fwd/atl_hw.o
  CC      drivers/net/ethernet/aquantia/atlantic-fwd/atl_main.o
  CC      drivers/media/platform/msm/cvp/msm_cvp_common.o
  CC      drivers/kernelsu/sulog/fd.o
  CC      drivers/md/dm-bufio.o
  CC      drivers/misc/okl4-panic.o
  CC      net/netfilter/xt_hl.o
  CC      drivers/media/rc/keymaps/rc-anysee.o
  CC      drivers/net/bonding/bond_sysfs_slave.o
  CC      drivers/kernelsu/supercall/dispatch.o
  CC      drivers/mtd/mtdblock.o
  CC      drivers/misc/okl4-link-shbuf.o
  CC      drivers/net/ethernet/aquantia/atlantic-fwd/atl_ring.o
  CC      drivers/media/rc/rc-ir-raw.o
  CC      drivers/media/rc/keymaps/rc-apac-viewcomp.o
  CC      net/netfilter/xt_iprange.o
  CC      drivers/mtd/mtdoops.o
  CC      drivers/media/rc/lirc_dev.o
  CC      drivers/media/rc/keymaps/rc-astrometa-t2hybrid.o
  CC      drivers/media/platform/msm/cvp/msm_cvp_core.o
  CC      drivers/misc/max31760.o
  CC      drivers/net/bonding/bond_debugfs.o
  CC      drivers/md/dm-crypt.o
  CC      drivers/md/dm-default-key.o
  AR      drivers/mtd/built-in.a
  CC      drivers/md/dm-snap.o
  CC      drivers/media/rc/keymaps/rc-asus-pc39.o
  CC      drivers/kernelsu/supercall/perm.o
  AR      drivers/media/platform/omap/built-in.a
  AR      drivers/media/platform/stm32/built-in.a
  CC      drivers/media/rc/ir-spi.o
  CC      net/netfilter/xt_length.o
  CC      drivers/misc/qxr-stdalonevwr.o
  CC      drivers/kernelsu/supercall/supercall.o
  CC      drivers/media/rc/keymaps/rc-asus-ps3-100.o
  CC      drivers/misc/akm09970.o
  CC      drivers/misc/drv8846.o
  CC      drivers/net/bonding/bond_netlink.o
  CC      drivers/media/platform/msm/cvp/msm_cvp.o
  CC      drivers/net/ethernet/aquantia/atlantic-fwd/atl_ethtool.o
  AR      drivers/net/ethernet/arc/built-in.a
  CC      drivers/media/platform/msm/npu/npu_dbg.o
  AR      drivers/media/platform/msm/sde/built-in.a
  CC      drivers/media/platform/msm/npu/npu_dev.o
  CC      drivers/media/rc/keymaps/rc-ati-tv-wonder-hd-600.o
  CC      drivers/kernelsu/feature/adb_root.o
  CC      drivers/media/platform/msm/npu/npu_debugfs.o
  CC      net/netfilter/xt_limit.o
  AR      drivers/misc/built-in.a
  CC      drivers/media/platform/msm/npu/npu_host_ipc.o
  CC      drivers/of/base.o
  CC      drivers/media/rc/keymaps/rc-ati-x10.o
  CC      drivers/md/dm-exception-store.o
  CC      drivers/net/bonding/bond_options.o
  CC      drivers/media/rc/keymaps/rc-avermedia-a16d.o
  CC      drivers/media/platform/msm/cvp/msm_smem.o
  CC      drivers/md/dm-snap-transient.o
  CC      drivers/net/bonding/bond_procfs.o
  CC      drivers/opp/core.o
  CC      drivers/media/rc/keymaps/rc-avermedia.o
  CC      net/netfilter/xt_mac.o
  CC      drivers/media/platform/msm/npu/npu_hw_access.o
  CC      drivers/net/ethernet/aquantia/atlantic-fwd/atl_trace.o
  CC      drivers/kernelsu/feature/selinux_hide.o
  CC      drivers/pci/controller/dwc/pcie-hisi.o
  CC      drivers/media/rc/keymaps/rc-avermedia-cardbus.o
  CC      drivers/md/dm-snap-persistent.o
  AR      drivers/pci/switch/built-in.a
  CC      drivers/of/device.o
  CC      drivers/media/platform/msm/synx/synx.o
  CC      drivers/media/platform/msm/cvp/msm_cvp_debug.o
  CC      drivers/media/platform/msm/npu/npu_mgr.o
  AR      drivers/net/bonding/built-in.a
  CC      drivers/media/platform/msm/synx/synx_util.o
  CC      drivers/media/rc/keymaps/rc-avermedia-dvbt.o
  CC      net/netfilter/xt_multiport.o
  CC      drivers/opp/cpu.o
  AR      drivers/pci/controller/dwc/built-in.a
  CC      drivers/pci/controller/pci-msm.o
  CC      drivers/net/ethernet/aquantia/atlantic-fwd/atl_fwd.o
  CC      drivers/md/dm-verity-fec.o
  CC      drivers/media/rc/keymaps/rc-avermedia-m135a.o
  AR      drivers/kernelsu/built-in.a
  CC      net/netfilter/xt_owner.o
  CC      drivers/opp/of.o
  CC      drivers/media/platform/msm/synx/synx_debugfs.o
  CC      drivers/of/platform.o
  AR      drivers/net/ethernet/atheros/built-in.a
  CC      drivers/net/phy/mdio-boardinfo.o
  CC      drivers/media/rc/keymaps/rc-avermedia-m733a-rm-k6.o
  CC      drivers/media/rc/keymaps/rc-avermedia-rm-ks.o
  AR      drivers/media/platform/msm/synx/built-in.a
  CC      drivers/media/platform/msm/cvp/msm_cvp_res_parse.o
  CC      drivers/media/rc/keymaps/rc-avertv-303.o
  AR      drivers/media/platform/msm/npu/built-in.a
  CC      drivers/pci/controller/pci-msm-msi.o
  CC      drivers/pci/controller/pci-thunder-ecam.o
  CC      drivers/md/dm-verity-target.o
  CC      drivers/of/property.o
  CC      drivers/media/rc/keymaps/rc-azurewave-ad-tu700.o
  CC      drivers/net/ppp/ppp_generic.o
  CC      drivers/net/phy/phy.o
  CC      net/netfilter/xt_pkttype.o
  CC      drivers/net/ethernet/aquantia/atlantic-fwd/atl_compat.o
  CC      drivers/net/ethernet/aquantia/atlantic-fwd/atl_hwmon.o
  AR      drivers/opp/built-in.a
  CC      drivers/media/rc/keymaps/rc-behold.o
  CC      drivers/media/rc/keymaps/rc-behold-columbus.o
  CC      drivers/net/phy/phy-c45.o
  CC      drivers/media/platform/msm/cvp/cvp_hfi.o
  CC      drivers/of/kobj.o
  CC      drivers/net/phy/phy-core.o
  CC      net/netfilter/xt_policy.o
  CC      drivers/media/rc/keymaps/rc-budget-ci-old.o
  CC      drivers/md/dm-bow.o
  CC      drivers/md/dm-user.o
  CC      drivers/of/fdt.o
  AR      drivers/net/ethernet/aquantia/atlantic-fwd/built-in.a
  AR      drivers/net/ethernet/aquantia/built-in.a
  AR      drivers/net/ethernet/aurora/built-in.a
  AR      drivers/net/ethernet/broadcom/built-in.a
  AR      drivers/media/spi/built-in.a
  AR      drivers/net/ethernet/brocade/built-in.a
  AR      drivers/net/ethernet/cadence/built-in.a
  CC      drivers/net/ethernet/cavium/common/cavium_ptp.o
  CC      drivers/perf/arm_dsu_pmu.o
  CC      drivers/media/rc/keymaps/rc-cec.o
  AR      drivers/phy/broadcom/built-in.a
  AR      drivers/phy/hisilicon/built-in.a
  AR      drivers/phy/marvell/built-in.a
  AR      drivers/phy/motorola/built-in.a
  CC      drivers/phy/qualcomm/phy-qcom-ufs.o
  CC      drivers/net/phy/phy_device.o
  CC      drivers/net/ppp/bsd_comp.o
  CC      drivers/media/rc/keymaps/rc-cinergy-1400.o
  CC      drivers/phy/qualcomm/phy-qcom-ufs-qrbtc-sdm845.o
  CC      net/netfilter/xt_quota.o
  AR      drivers/md/built-in.a
  CC      drivers/net/ppp/ppp_deflate.o
  CC      drivers/perf/arm_pmu.o
  CC      drivers/of/fdt_address.o
  AR      drivers/net/ethernet/cavium/common/built-in.a
  AR      drivers/net/ethernet/cavium/liquidio/built-in.a
  CC      drivers/media/rc/keymaps/rc-cinergy.o
  AR      drivers/net/ethernet/cavium/octeon/built-in.a
  CC      drivers/perf/arm_pmu_platform.o
  AR      drivers/net/ethernet/cavium/thunder/built-in.a
  AR      drivers/net/ethernet/cavium/built-in.a
  CC      drivers/phy/qualcomm/phy-qcom-ufs-qmp-v4.o
  AR      drivers/net/ethernet/chelsio/built-in.a
  AR      drivers/net/ethernet/cisco/built-in.a
  AR      drivers/net/ethernet/cortina/built-in.a
  AR      drivers/net/ethernet/dlink/built-in.a
  AR      drivers/net/ethernet/dec/built-in.a
  CC      drivers/net/ppp/ppp_mppe.o
  AR      drivers/net/ethernet/emulex/built-in.a
  AR      drivers/net/ethernet/ezchip/built-in.a
  AR      drivers/net/ethernet/hisilicon/built-in.a
  AR      drivers/net/ethernet/hp/built-in.a
  AR      drivers/net/ethernet/huawei/built-in.a
  AR      drivers/net/ethernet/i825xx/built-in.a
  CC      drivers/net/ethernet/intel/igb/igb_main.o
  CC      drivers/media/platform/msm/cvp/hfi_response_handler.o
  CC      net/netfilter/xt_quota2.o
  CC      drivers/media/rc/keymaps/rc-d680-dmb.o
  CC      drivers/of/address.o
  CC      drivers/phy/qualcomm/phy-qcom-ufs-qmp-v4-lito.o
  CC      drivers/net/ethernet/intel/igb/igb_ethtool.o
  CC      drivers/media/tuners/tuner-xc2028.o
  CC      drivers/media/rc/keymaps/rc-delock-61959.o
  CC      drivers/net/phy/mdio_bus.o
  CC      drivers/perf/qcom_llcc_pmu.o
  CC      drivers/pci/controller/pci-thunder-pem.o
  CC      drivers/phy/qualcomm/phy-qcom-ufs-qmp-v3-660.o
  CC      drivers/media/platform/msm/cvp/hfi_packetization.o
  CC      drivers/media/rc/keymaps/rc-dib0700-nec.o
  CC      net/netfilter/xt_socket.o
  CC      drivers/phy/qualcomm/phy-qcom-ufs-qmp-v3.o
  CC      drivers/of/irq.o
  AR      drivers/perf/built-in.a
  CC      drivers/net/phy/mdio_device.o
  CC      drivers/pci/controller/pci-xgene.o
  CC      drivers/media/rc/keymaps/rc-dib0700-rc5.o
  CC      drivers/media/platform/msm/cvp/cvp_core_hfi.o
  CC      drivers/media/tuners/tuner-simple.o
  AR      drivers/phy/qualcomm/built-in.a
  AR      drivers/phy/ralink/built-in.a
  AR      drivers/phy/samsung/built-in.a
  AR      drivers/phy/st/built-in.a
  AR      drivers/phy/ti/built-in.a
  CC      drivers/phy/phy-core.o
  CC      drivers/media/rc/keymaps/rc-digitalnow-tinytwin.o
  CC      drivers/media/platform/msm/cvp/msm_cvp_clocks.o
  CC      drivers/net/slip/slhc.o
  AR      drivers/pci/controller/built-in.a
  CC      drivers/pci/access.o
  CC      net/netfilter/xt_state.o
  CC      drivers/net/usb/rtl8150.o
  CC      drivers/of/of_net.o
  CC      drivers/media/rc/keymaps/rc-digittrade.o
  CC      drivers/net/phy/swphy.o
  AR      drivers/phy/built-in.a
  CC      drivers/net/usb/r8152.o
  CC      drivers/media/platform/msm/cvp/msm_cvp_dsp.o
  CC      drivers/media/tuners/tuner-types.o
  CC      drivers/media/rc/keymaps/rc-dm1105-nec.o
  CC      drivers/pci/bus.o
  CC      net/netfilter/xt_statistic.o
  CC      drivers/pci/probe.o
  CC      drivers/net/phy/fixed_phy.o
  CC      drivers/media/rc/keymaps/rc-dntv-live-dvb-t.o
  CC      drivers/net/ppp/pppox.o
  CC      drivers/media/tuners/mt20xx.o
  CC      drivers/of/of_mdio.o
  AR      drivers/media/platform/msm/cvp/built-in.a
  AR      drivers/media/platform/msm/built-in.a
  AR      drivers/media/platform/built-in.a
  CC      drivers/net/ppp/pptp.o
  CC      drivers/net/ethernet/intel/igb/e1000_82575.o
  AR      drivers/net/slip/built-in.a
  CC      drivers/media/rc/keymaps/rc-dntv-live-dvbt-pro.o
  CC      net/netfilter/xt_string.o
  CC      drivers/media/tuners/tda8290.o
  CC      net/netfilter/xt_time.o
  CC      drivers/media/rc/keymaps/rc-dtt200u.o
  CC      net/netfilter/xt_u32.o
  CC      drivers/net/phy/microchip.o
  CC      drivers/of/of_reserved_mem.o
  CC      drivers/net/ethernet/marvell/sky2.o
  CC      drivers/pci/host-bridge.o
  AR      drivers/net/ethernet/mellanox/built-in.a
  CC      drivers/of/of_slimbus.o
  AR      drivers/net/ppp/built-in.a
  CC      drivers/media/rc/keymaps/rc-dvbsky.o
  CC      drivers/net/wireguard/main.o
  CC      drivers/net/ethernet/intel/igb/e1000_mac.o
  CC      drivers/net/usb/lan78xx.o
  CC      drivers/media/tuners/tea5767.o
  CC      drivers/net/usb/asix_devices.o
  AR      drivers/net/phy/built-in.a
  CC      drivers/net/wireguard/noise.o
  AR      net/netfilter/built-in.a
  CC      drivers/net/wireguard/device.o
  AR      net/built-in.a
  AR      drivers/net/wireless/admtek/built-in.a
  AR      drivers/net/wireless/ath/built-in.a
  CC      drivers/media/rc/keymaps/rc-dvico-mce.o
  AR      drivers/net/wireless/atmel/built-in.a
  AR      drivers/net/wireless/broadcom/built-in.a
  AR      drivers/net/wireless/cisco/built-in.a
  CC      drivers/net/wireless/cnss2/main.o
  CC      drivers/of/of_batterydata.o
  CC      drivers/pci/remove.o
  CC      drivers/media/rc/keymaps/rc-dvico-portable.o
  CC      drivers/net/wireless/cnss2/bus.o
  CC      drivers/media/tuners/tea5761.o
  CC      drivers/net/ethernet/intel/igb/e1000_nvm.o
  CC      drivers/media/tuners/tda9887.o
  AR      drivers/of/built-in.a
  CC      drivers/net/dummy.o
  CC      drivers/media/rc/keymaps/rc-em-terratec.o
  CC      drivers/pci/pci.o
  CC      drivers/pci/pci-driver.o
  CC      drivers/net/wireguard/peer.o
  CC      drivers/media/rc/keymaps/rc-encore-enltv2.o
  CC      drivers/pci/search.o
  CC      drivers/pci/pci-sysfs.o
  CC      drivers/net/ethernet/intel/igb/e1000_phy.o
  CC      drivers/pci/rom.o
  CC      drivers/net/usb/asix_common.o
  CC      drivers/media/tuners/tda827x.o
  CC      drivers/media/rc/keymaps/rc-encore-enltv.o
  CC      drivers/net/wireless/cnss2/debug.o
  AR      drivers/net/ethernet/marvell/built-in.a
  CC      drivers/media/rc/keymaps/rc-encore-enltv-fm53.o
  CC      drivers/net/wireguard/timers.o
  CC      drivers/net/wireguard/queueing.o
  AR      drivers/media/usb/b2c2/built-in.a
  AR      drivers/media/usb/dvb-usb/built-in.a
  AR      drivers/media/usb/dvb-usb-v2/built-in.a
  CC [M]  drivers/media/usb/gspca/gspca.o
  CC [M]  drivers/media/usb/gspca/autogain_functions.o
  AR      drivers/media/usb/s2255/built-in.a
  AR      drivers/media/usb/siano/built-in.a
  CC      drivers/net/usb/ax88172a.o
  CC      drivers/media/rc/keymaps/rc-evga-indtube.o
  CC      drivers/net/wireguard/send.o
  CC      drivers/media/tuners/tda18271-maps.o
  CC      drivers/net/ethernet/intel/igb/e1000_mbx.o
  CC      drivers/media/tuners/tda18271-common.o
  CC      drivers/net/wireless/cnss2/pci.o
  CC      drivers/media/rc/keymaps/rc-eztv.o
  AR      drivers/pinctrl/actions/built-in.a
  AR      drivers/pinctrl/bcm/built-in.a
  AR      drivers/media/usb/stkwebcam/built-in.a
  AR      drivers/pinctrl/cirrus/built-in.a
  AR      drivers/pinctrl/freescale/built-in.a
  CC      drivers/net/wireless/cnss_genl/cnss_nl.o
  AR      drivers/pinctrl/mediatek/built-in.a
  AR      drivers/pinctrl/mvebu/built-in.a
  AR      drivers/pinctrl/nomadik/built-in.a
  CC      drivers/pinctrl/qcom/pinctrl-msm.o
  CC      drivers/pinctrl/qcom/pinctrl-spmi-gpio.o
  CC      drivers/net/usb/ax_main.o
  CC      drivers/net/mii.o
  CC      drivers/media/rc/keymaps/rc-flydvb.o
  CC      drivers/media/tuners/tda18271-fe.o
  CC      drivers/pci/setup-res.o
  CC      drivers/net/ethernet/intel/igb/e1000_i210.o
  LD [M]  drivers/media/usb/gspca/gspca_main.o
  AR      drivers/media/usb/ttusb-budget/built-in.a
  CC      drivers/net/wireguard/receive.o
  AR      drivers/media/usb/ttusb-dec/built-in.a
  CC      drivers/media/usb/uvc/uvc_driver.o
  CC      drivers/media/rc/keymaps/rc-flyvideo.o
  CC      drivers/net/wireguard/socket.o
  CC      drivers/media/rc/keymaps/rc-fusionhdtv-mce.o
  AR      drivers/net/wireless/cnss_genl/built-in.a
  CC      drivers/net/wireguard/peerlookup.o
  CC      drivers/media/tuners/xc5000.o
  CC      drivers/pci/irq.o
  CC      drivers/pinctrl/qcom/pinctrl-spmi-mpp.o
  CC      drivers/net/ethernet/intel/igb/igb_ptp.o
  CC      drivers/pinctrl/qcom/pinctrl-kona.o
  CC      drivers/net/usb/ax88179_178a.o
  CC      drivers/media/rc/keymaps/rc-gadmei-rm008z.o
  CC      drivers/media/rc/keymaps/rc-geekbox.o
  CC      drivers/media/rc/keymaps/rc-genius-tvgo-a11mce.o
  AR      drivers/pinctrl/qcom/built-in.a
  AR      drivers/pinctrl/sprd/built-in.a
  CC      drivers/media/usb/uvc/uvc_queue.o
  AR      drivers/pinctrl/ti/built-in.a
  CC      drivers/pci/vpd.o
  CC      drivers/net/wireguard/allowedips.o
  CC      drivers/pinctrl/core.o
  CC      drivers/net/wireless/cnss2/power.o
  CC      drivers/pinctrl/pinctrl-utils.o
  CC      drivers/media/tuners/xc4000.o
  CC      drivers/pinctrl/pinmux.o
  CC      drivers/net/wireguard/ratelimiter.o
  CC      drivers/media/rc/keymaps/rc-gotview7135.o
  CC      drivers/net/ethernet/intel/igb/igb_hwmon.o
  CC      drivers/net/usb/ax88179a_772d.o
  CC      drivers/media/rc/keymaps/rc-hisi-poplar.o
  CC      drivers/media/rc/keymaps/rc-hisi-tv-demo.o
  AR      drivers/net/ethernet/micrel/built-in.a
  CC      drivers/media/usb/uvc/uvc_v4l2.o
  CC      drivers/media/v4l2-core/v4l2-dev.o
  CC      drivers/pci/setup-bus.o
  CC      drivers/pinctrl/pinconf.o
  CC      drivers/net/wireless/cnss2/genl.o
  CC      drivers/media/usb/uvc/uvc_video.o
  CC      drivers/media/usb/uvc/uvc_ctrl.o
  CC      drivers/media/rc/keymaps/rc-imon-mce.o
  CC      drivers/media/tuners/mc44s803.o
  AR      drivers/net/ethernet/intel/igb/built-in.a
  CC      drivers/net/wireguard/cookie.o
  AR      drivers/net/ethernet/intel/built-in.a
  AR      drivers/net/ethernet/microchip/built-in.a
  AR      drivers/net/ethernet/mscc/built-in.a
  AR      drivers/net/ethernet/myricom/built-in.a
  AR      drivers/net/ethernet/natsemi/built-in.a
  AR      drivers/net/ethernet/neterion/built-in.a
  AR      drivers/net/ethernet/netronome/built-in.a
  AR      drivers/net/ethernet/ni/built-in.a
  AR      drivers/net/ethernet/nvidia/built-in.a
  CC      drivers/pinctrl/devicetree.o
  AR      drivers/net/ethernet/oki-semi/built-in.a
  AR      drivers/net/ethernet/packetengines/built-in.a
  AR      drivers/net/ethernet/qcom/built-in.a
  AR      drivers/net/ethernet/qlogic/built-in.a
  CC      drivers/media/rc/keymaps/rc-imon-pad.o
  AR      drivers/net/ethernet/qualcomm/emac/built-in.a
  CC      drivers/net/ethernet/qualcomm/rmnet/rmnet_config.o
  CC      drivers/net/usb/cdc_ether.o
  CC      drivers/net/wireguard/netlink.o
  CC      drivers/media/v4l2-core/v4l2-ioctl.o
  AR      drivers/media/tuners/built-in.a
  CC      drivers/net/wireguard/crypto/zinc/chacha20/chacha20.o
  CC      drivers/net/wireless/cnss2/qmi.o
  CC      drivers/media/rc/keymaps/rc-imon-rsc.o
  PERLASM drivers/net/wireguard/crypto/zinc/chacha20/chacha20-arm64.S
  CC      drivers/net/Space.o
  CC      drivers/pinctrl/pinconf-generic.o
  CC      drivers/media/usb/uvc/uvc_status.o
  CC      drivers/pci/vc.o
  CC      drivers/pci/mmap.o
  CC      drivers/media/rc/keymaps/rc-iodata-bctv7e.o
  CC      drivers/pinctrl/pinctrl-sx150x.o
  CC      drivers/media/rc/keymaps/rc-it913x-v1.o
  CC      drivers/net/loopback.o
  CC      drivers/media/usb/uvc/uvc_isight.o
  CC      drivers/net/wireless/cnss2/coexistence_service_v01.o
  CC      drivers/net/usb/net1080.o
  CC      drivers/net/wireless/cnss_prealloc/cnss_prealloc.o
  CC      drivers/pci/setup-irq.o
  CC      drivers/net/ethernet/qualcomm/rmnet/rmnet_vnd.o
  CC      drivers/net/wireguard/crypto/zinc/poly1305/poly1305.o
  CC      drivers/net/ethernet/qualcomm/rmnet/rmnet_handlers.o
  CC      drivers/net/wireless/cnss2/ip_multimedia_subsystem_private_service_v01.o
  CC      drivers/media/v4l2-core/v4l2-device.o
  CC      drivers/media/rc/keymaps/rc-it913x-v2.o
  CC      drivers/pci/proc.o
  AR      drivers/pinctrl/built-in.a
  CC      drivers/media/rc/keymaps/rc-kaiomy.o
  AR      drivers/net/wireless/cnss2/built-in.a
  CC      drivers/media/rc/keymaps/rc-kworld-315u.o
  AR      drivers/net/wireless/cnss_prealloc/built-in.a
  CC      drivers/media/usb/uvc/uvc_debugfs.o
  CC      drivers/net/wireless/cnss_utils/cnss_utils.o
  CC      drivers/net/usb/cdc_subset.o
  CC      drivers/net/wireless/cnss_utils/wlan_firmware_service_v01.o
  CC      drivers/net/tun.o
  CC      drivers/net/veth.o
  CC      drivers/media/rc/keymaps/rc-kworld-pc150u.o
  PERLASM drivers/net/wireguard/crypto/zinc/poly1305/poly1305-arm64.S
  CC      drivers/platform/msm/gsi/gsi.o
  CC      drivers/net/wireguard/crypto/zinc/chacha20poly1305.o
  CC      drivers/power/reset/msm-poweroff.o
  CC      drivers/media/v4l2-core/v4l2-fh.o
  CC      drivers/pci/slot.o
  CC      drivers/media/usb/uvc/uvc_metadata.o
  CC      drivers/media/rc/keymaps/rc-kworld-plus-tv-analog.o
  CC      drivers/net/usb/zaurus.o
  AR      drivers/net/wireless/cnss_utils/built-in.a
  AR      drivers/net/wireless/intel/built-in.a
  AR      drivers/net/wireless/intersil/built-in.a
  AR      drivers/net/wireless/marvell/built-in.a
  CC      drivers/net/ethernet/qualcomm/rmnet/rmnet_map_data.o
  AR      drivers/net/wireless/mediatek/built-in.a
  CC      drivers/media/rc/keymaps/rc-leadtek-y04g0051.o
  AR      drivers/net/wireless/quantenna/built-in.a
  AR      drivers/net/wireless/ralink/built-in.a
  AR      drivers/net/wireless/realtek/built-in.a
  AR      drivers/net/wireless/rsi/built-in.a
  CC      drivers/media/usb/uvc/uvc_entity.o
  AR      drivers/net/wireless/st/built-in.a
  CC      drivers/media/v4l2-core/v4l2-event.o
  AR      drivers/net/wireless/ti/built-in.a
  CC      drivers/power/reset/xgene-reboot.o
  AR      drivers/net/wireless/zydas/built-in.a
  AR      drivers/net/wireless/built-in.a
  CC      drivers/power/reset/syscon-reboot.o
  CC      drivers/pci/of.o
  CC      drivers/media/rc/keymaps/rc-lme2510.o
  CC      drivers/net/usb/usbnet.o
  AR      drivers/power/supply/lionsemi/built-in.a
  AR      drivers/media/usb/zr364xx/built-in.a
  CC      drivers/power/supply/maxim/onewire_gpio.o
  AR      drivers/power/supply/nuvolta/built-in.a
  AR      drivers/power/reset/built-in.a
  CC      drivers/power/supply/maxim/ucl_sha3.o
  AR      drivers/pps/clients/built-in.a
  AR      drivers/pps/generators/built-in.a
  CC      drivers/pps/pps.o
  CC      drivers/net/wireguard/crypto/zinc/blake2s/blake2s.o
  AR      drivers/media/usb/uvc/built-in.a
  AR      drivers/media/usb/built-in.a
  CC      drivers/net/ethernet/qualcomm/rmnet/rmnet_map_command.o
  CC      drivers/net/ethernet/qualcomm/rmnet/rmnet_descriptor.o
  CC      drivers/media/rc/keymaps/rc-manli.o
  CC      drivers/media/v4l2-core/v4l2-ctrls.o
  CC      drivers/platform/msm/gsi/gsi_dbg.o
  CC      drivers/pci/quirks.o
  CC      drivers/media/rc/keymaps/rc-medion-x10.o
  CC      drivers/power/supply/maxim/sha384_software.o
  CC      drivers/pps/kapi.o
  CC      drivers/power/supply/maxim/ds28e16.o
  CC      drivers/net/ethernet/qualcomm/rmnet/rmnet_genl.o
  AR      drivers/platform/msm/gsi/built-in.a
  CC      drivers/media/v4l2-core/v4l2-subdev.o
  CC      drivers/platform/msm/ipa/ipa_clients/ipa_usb.o
  CC      drivers/media/rc/keymaps/rc-medion-x10-digitainer.o
  CC      drivers/media/v4l2-core/v4l2-clk.o
  CC      drivers/pps/sysfs.o
  CC      drivers/net/wireguard/crypto/zinc/curve25519/curve25519.o
  CC      drivers/net/usb/cdc_ncm.o
  CC      drivers/media/rc/keymaps/rc-medion-x10-or2x.o
  AR      drivers/power/supply/maxim/built-in.a
  CC      drivers/pci/msi.o
  CC      drivers/platform/msm/ipa/ipa_clients/odu_bridge.o
  CC      drivers/power/supply/qcom/step-chg-jeita.o
  AR      drivers/pps/built-in.a
  CC      drivers/power/supply/qcom/battery.o
  AR      drivers/net/ethernet/qualcomm/rmnet/built-in.a
  AR      drivers/net/ethernet/qualcomm/built-in.a
  CC      drivers/media/rc/keymaps/rc-msi-digivox-ii.o
  CC      drivers/power/supply/qcom/qpnp-smb5.o
  AR      drivers/net/ethernet/rdc/built-in.a
  AR      drivers/power/supply/renesas/built-in.a
  CC      drivers/power/supply/qcom/smb5-lib.o
  CC      drivers/media/v4l2-core/v4l2-async.o
  AR      drivers/net/ethernet/realtek/built-in.a
  AR      drivers/net/ethernet/renesas/built-in.a
  AR      drivers/net/ethernet/rocker/built-in.a
  AR      drivers/net/ethernet/samsung/built-in.a
  AR      drivers/net/ethernet/seeq/built-in.a
  AR      drivers/net/ethernet/sfc/built-in.a
  AR      drivers/net/ethernet/silan/built-in.a
  AR      drivers/net/ethernet/sis/built-in.a
  CC      drivers/net/ethernet/smsc/smsc911x.o
  CC      drivers/media/rc/keymaps/rc-msi-digivox-iii.o
  AR      drivers/net/ethernet/socionext/built-in.a
  CC      drivers/platform/msm/ipa/ipa_v3/ipahal/ipahal.o
  CC      drivers/ptp/ptp_clock.o
  CC      drivers/platform/msm/ipa/ipa_clients/ipa_mhi_client.o
  CC      drivers/media/rc/keymaps/rc-msi-tvanywhere.o
  AR      drivers/net/usb/built-in.a
  CC      drivers/media/rc/keymaps/rc-msi-tvanywhere-plus.o
  CC      drivers/media/v4l2-core/v4l2-compat-ioctl32.o
  CC      drivers/pci/syscall.o
  CC      drivers/media/rc/keymaps/rc-nebula.o
  CC      drivers/platform/msm/sps/bam.o
  CC      drivers/media/media-device.o
  CC      drivers/platform/msm/msm_ext_display.o
  CC      drivers/ptp/ptp_chardev.o
  CC      drivers/platform/msm/ipa/ipa_v3/ipahal/ipahal_reg.o
  AR      drivers/net/ethernet/smsc/built-in.a
  AR      drivers/net/ethernet/stmicro/built-in.a
  AR      drivers/net/ethernet/sun/built-in.a
  AR      drivers/net/ethernet/synopsys/built-in.a
  CC      drivers/media/rc/keymaps/rc-nec-terratec-cinergy-xs.o
  AR      drivers/pci/built-in.a
  CC      drivers/platform/msm/qpnp-revid.o
  AR      drivers/net/ethernet/tehuti/built-in.a
  AR      drivers/net/ethernet/ti/built-in.a
  AR      drivers/net/ethernet/via/built-in.a
  AR      drivers/net/ethernet/wiznet/built-in.a
  AR      drivers/net/ethernet/built-in.a
  CC      drivers/ptp/ptp_sysfs.o
  CC      drivers/platform/msm/ipa/ipa_v3/ipahal/ipahal_fltrt.o
  AS      drivers/net/wireguard/crypto/zinc/chacha20/chacha20-arm64.o
  CC      drivers/platform/msm/sps/sps_bam.o
  CC      drivers/platform/msm/ipa/ipa_clients/ipa_uc_offload.o
  CC      drivers/media/rc/keymaps/rc-norwood.o
  CC      drivers/platform/msm/sps/sps.o
  CC      drivers/platform/msm/sps/sps_dma.o
  CC      drivers/platform/msm/ipa/ipa_v3/ipahal/ipahal_hw_stats.o
  CC      drivers/platform/msm/ipa/ipa_v3/ipahal/ipahal_nat.o
  CC      drivers/power/supply/qcom/pmic-voter.o
  AR      drivers/ptp/built-in.a
  CC      drivers/power/supply/ti/pd_policy_manager.o
  CC      drivers/media/rc/keymaps/rc-npgtech.o
  CC      drivers/power/supply/ti/cp_qc30.o
  CC      drivers/power/supply/ti/bq2597x_charger.o
  CC      drivers/power/supply/qcom/storm-watch.o
  CC      drivers/media/rc/keymaps/rc-pctv-sedna.o
  CC      drivers/platform/msm/sps/sps_map.o
  CC      drivers/platform/msm/ipa/ipa_clients/ipa_wdi3.o
  CC      drivers/power/supply/qcom/schgm-flash.o
  CC      drivers/platform/msm/ipa/ipa_v3/ipa.o
  CC      drivers/media/media-devnode.o
  CC      drivers/platform/msm/usb_bam.o
  CC      drivers/platform/msm/sps/sps_mem.o
  CC      drivers/power/supply/power_supply_core.o
  CC      drivers/media/rc/keymaps/rc-pinnacle-color.o
  AR      drivers/platform/msm/ipa/ipa_v3/ipahal/built-in.a
  CC      drivers/pwm/core.o
  CC      drivers/power/supply/qcom/qpnp-qnovo5.o
  CC      drivers/platform/msm/sps/sps_rm.o
  CC      drivers/media/v4l2-core/v4l2-trace.o
  CC      drivers/ras/ras.o
  CC      drivers/media/rc/keymaps/rc-pinnacle-grey.o
  AR      drivers/power/supply/ti/built-in.a
  CC      drivers/regulator/core.o
  AR      drivers/reset/hisilicon/built-in.a
  CC      drivers/reset/core.o
  AR      drivers/platform/msm/sps/built-in.a
  CC      drivers/ras/debugfs.o
  CC      drivers/media/rc/keymaps/rc-pinnacle-pctv-hd.o
  CC      drivers/power/supply/qcom/qpnp-fg-gen4.o
  CC      drivers/platform/msm/ipa/ipa_clients/ipa_gsb.o
  CC      drivers/pwm/sysfs.o
  CC      drivers/platform/msm/ipa/ipa_v3/ipa_debugfs.o
  CC      drivers/media/rc/keymaps/rc-pixelview.o
  CC      drivers/media/rc/keymaps/rc-pixelview-mk12.o
  AR      drivers/reset/built-in.a
  CC      drivers/regulator/dummy.o
  CC      drivers/media/v4l2-core/v4l2-mc.o
  CC      drivers/pwm/pwm-qti-lpg.o
  AR      drivers/ras/built-in.a
  CC      drivers/platform/msm/ipa/ipa_api.o
  AS      drivers/net/wireguard/crypto/zinc/poly1305/poly1305-arm64.o
  CC      drivers/platform/msm/qcom-geni-se.o
  CC      drivers/media/rc/keymaps/rc-pixelview-002t.o
  CC      drivers/power/supply/power_supply_sysfs.o
  CC      drivers/platform/msm/ipa/ipa_clients/ipa_wigig.o
  AR      drivers/pwm/built-in.a
  CC      drivers/power/supply/qcom/fg-memif.o
  CC      drivers/media/rc/keymaps/rc-pixelview-new.o
  CC      drivers/media/v4l2-core/v4l2-common.o
  CC      drivers/media/v4l2-core/v4l2-dv-timings.o
  CC      drivers/media/rc/keymaps/rc-powercolor-real-angel.o
  CC      drivers/platform/msm/ipa/ipa_rm.o
  CC      drivers/regulator/fixed-helper.o
  CC      drivers/rpmsg/rpmsg_core.o
  CC      drivers/media/rc/keymaps/rc-proteus-2309.o
  CC      drivers/power/supply/qcom/fg-util.o
  CC      drivers/media/rc/keymaps/rc-purpletv.o
  CC      drivers/media/rc/keymaps/rc-pv951.o
  CC      drivers/media/rc/keymaps/rc-hauppauge.o
  CC      drivers/regulator/helpers.o
  CC      drivers/media/rc/keymaps/rc-rc6-mce.o
  CC      drivers/media/v4l2-core/v4l2-mem2mem.o
  CC      drivers/media/media-entity.o
  CC      drivers/platform/msm/ipa/ipa_clients/rndis_ipa.o
  CC      drivers/rpmsg/rpmsg_char.o
  CC      drivers/rtc/rtc-lib.o
  CC      drivers/rtc/hctosys.o
  CC      drivers/media/rc/keymaps/rc-real-audio-220-32-keys.o
  AR      drivers/net/wireguard/built-in.a
  CC      drivers/rtc/systohc.o
  CC      drivers/power/supply/qcom/fg-alg.o
  AR      drivers/net/built-in.a
  CC      drivers/power/supply/power_supply_leds.o
  CC      drivers/regulator/devres.o
  CC      drivers/platform/msm/ipa/ipa_v3/ipa_hdr.o
  CC      drivers/media/rc/keymaps/rc-reddo.o
  CC      drivers/platform/msm/ipa/ipa_v3/ipa_flt.o
  CC      drivers/rpmsg/qcom_glink_native.o
  CC      drivers/power/supply/qcom/hl6111r.o
  CC      drivers/rtc/class.o
  CC      drivers/rtc/interface.o
  CC      drivers/rtc/nvmem.o
  AR      drivers/media/v4l2-core/built-in.a
  CC      drivers/rpmsg/qcom_glink_smem.o
  CC      drivers/media/rc/keymaps/rc-snapstream-firefly.o
  AR      drivers/power/supply/qcom/built-in.a
  AR      drivers/power/supply/built-in.a
  AR      drivers/power/built-in.a
  CC      drivers/media/rc/keymaps/rc-streamzap.o
  CC      drivers/regulator/of_regulator.o
  GEN     drivers/scsi/scsi_devinfo_tbl.c
  CC      drivers/scsi/ufs/ufs-qcom.o
  CC      drivers/scsi/ufs/ufshcd.o
  CC      drivers/scsi/scsi.o
  CC      drivers/platform/msm/ipa/ipa_v3/ipa_rt.o
  AR      drivers/platform/msm/ipa/ipa_clients/built-in.a
  CC      drivers/scsi/hosts.o
  CC      drivers/media/rc/keymaps/rc-tango.o
  CC      drivers/rpmsg/qcom_glink_spss.o
  CC      drivers/media/rc/keymaps/rc-tbs-nec.o
  CC      drivers/platform/msm/ipa/ipa_v3/ipa_dp.o
  CC      drivers/scsi/scsi_ioctl.o
  CC      drivers/platform/msm/ipa/ipa_rm_dependency_graph.o
  CC      drivers/regulator/fixed.o
  CC      drivers/rtc/rtc-dev.o
  CC      drivers/media/rc/keymaps/rc-technisat-ts35.o
  AR      drivers/rpmsg/built-in.a
  CC      drivers/regulator/proxy-consumer.o
  CC      drivers/platform/msm/ipa/ipa_v3/ipa_client.o
  CC      drivers/platform/msm/ipa/ipa_rm_peers_list.o
  CC      drivers/media/rc/keymaps/rc-technisat-usb2.o
  CC      drivers/platform/msm/ipa/ipa_v3/ipa_utils.o
  CC      drivers/rtc/rtc-proc.o
  CC      drivers/scsi/ufs/ufs-sysfs.o
  CC      drivers/platform/msm/ipa/ipa_rm_resource.o
  CC      drivers/regulator/qcom-rpmh-regulator.o
  CC      drivers/scsi/scsicam.o
  CC      drivers/sensors/sensors_ssc.o
  CC      drivers/media/rc/keymaps/rc-terratec-cinergy-c-pci.o
  CC      drivers/slimbus/slimbus.o
  CC      drivers/rtc/rtc-sysfs.o
  CC      drivers/regulator/qcom_pm8008-regulator.o
  AR      drivers/sensors/built-in.a
  CC      drivers/regulator/qpnp-lcdb-regulator.o
  CC      drivers/media/rc/keymaps/rc-terratec-cinergy-s2-hd.o
  CC      drivers/regulator/qpnp-amoled-regulator.o
  CC      drivers/regulator/refgen.o
  CC      drivers/scsi/ufs/ufshcd-crypto.o
  CC      drivers/rtc/rtc-pm8xxx.o
  CC      drivers/slimbus/slim-msm.o
  CC      drivers/media/rc/keymaps/rc-terratec-cinergy-xs.o
  CC      drivers/media/rc/keymaps/rc-terratec-slim.o
  CC      drivers/platform/msm/ipa/ipa_rm_inactivity_timer.o
  AR      drivers/rtc/built-in.a
  CC      drivers/platform/msm/ipa/ipa_v3/ipa_nat.o
  CC      drivers/scsi/scsi_error.o
  CC      drivers/scsi/ufs/ufshcd-crypto-qti.o
  CC      drivers/regulator/rpmh-regulator.o
  CC      drivers/regulator/stub-regulator.o
  CC      drivers/media/rc/keymaps/rc-terratec-slim-2.o
  CC      drivers/scsi/ufs/ufshcd-pltfrm.o
  AR      drivers/soc/amlogic/built-in.a
  AR      drivers/soc/bcm/built-in.a
  AR      drivers/soc/fsl/built-in.a
  AR      drivers/soc/mediatek/built-in.a
  CC      drivers/spi/spi.o
  CC      drivers/soc/qcom/msm_bus/msm_bus_core.o
  CC      drivers/spmi/spmi.o
  CC      drivers/media/rc/keymaps/rc-tevii-nec.o
  CC      drivers/soc/qcom/qdsp6v2/cdsp-loader.o
  CC      drivers/slimbus/slim-msm-ngd.o
  CC      drivers/spmi/spmi-pmic-arb.o
  AR      drivers/regulator/built-in.a
  CC      drivers/scsi/scsi_lib.o
  CC      drivers/platform/msm/ipa/ipa_v3/ipa_intf.o
  AR      drivers/soc/qcom/qdsp6v2/built-in.a
  CC      drivers/soc/qcom/msm_bus/msm_bus_client_api.o
  CC      drivers/media/rc/keymaps/rc-tivo.o
  CC      drivers/soc/qcom/rmnet_ctl/rmnet_ctl_client.o
  CC      drivers/media/rc/keymaps/rc-total-media-in-hand.o
  AR      drivers/scsi/ufs/built-in.a
  CC      drivers/media/rc/keymaps/rc-total-media-in-hand-02.o
  CC      drivers/scsi/constants.o
  CC      drivers/spi/spidev.o
  AR      drivers/soc/renesas/built-in.a
  CC      drivers/platform/msm/ipa/ipa_v3/teth_bridge.o
  CC      drivers/soc/qcom/msm_bus/msm_bus_of.o
  CC      drivers/staging/android/ion/msm/msm_ion_of.o
  CC      drivers/spmi/spmi-pmic-arb-debug.o
  CC      drivers/media/rc/keymaps/rc-trekstor.o
  CC      drivers/staging/android/ion/ion.o
  CC      drivers/soc/qcom/rmnet_ctl/rmnet_ctl_mhi.o
  AR      drivers/spmi/built-in.a
  CC      drivers/staging/android/ashmem.o
  CC      drivers/media/rc/keymaps/rc-tt-1500.o
  CC      drivers/spi/spi-geni-qcom.o
  AR      drivers/thermal/broadcom/built-in.a
  CC      drivers/thermal/qcom/adc-tm.o
  AR      drivers/staging/android/ion/msm/built-in.a
  AR      drivers/soc/xilinx/built-in.a
  CC      drivers/soc/qcom/msm_bus/msm_bus_fabric_rpmh.o
  AR      drivers/staging/iio/accel/built-in.a
  AR      drivers/slimbus/built-in.a
  CC      drivers/platform/msm/ipa/ipa_v3/ipa_interrupts.o
  AR      drivers/staging/iio/adc/built-in.a
  AR      drivers/staging/iio/addac/built-in.a
  AR      drivers/staging/iio/cdc/built-in.a
  AR      drivers/staging/iio/frequency/built-in.a
  CC      drivers/soc/qcom/msm_bus/msm_bus_arb_rpmh.o
  AR      drivers/staging/iio/impedance-analyzer/built-in.a
  AR      drivers/staging/iio/meter/built-in.a
  CC      drivers/scsi/scsi_lib_dma.o
  AR      drivers/staging/iio/resolver/built-in.a
  CC      drivers/thermal/qcom/adc-tm-common.o
  AR      drivers/staging/iio/built-in.a
  AR      drivers/thermal/samsung/built-in.a
  CC      drivers/soc/qcom/cmd-db.o
  AR      drivers/soc/qcom/rmnet_ctl/built-in.a
  CC      drivers/media/rc/keymaps/rc-twinhan-dtv-cab-ci.o
  CC      drivers/staging/android/ion/ion-ioctl.o
  AR      drivers/tty/ipwireless/built-in.a
  CC      drivers/tty/serial/serial_core.o
  CC      drivers/uio/uio.o
  AR      drivers/spi/built-in.a
  CC      drivers/media/rc/keymaps/rc-twinhan1027.o
  CC      drivers/staging/android/ion/ion_heap.o
  CC      drivers/thermal/qcom/adc-tm5.o
  CC      drivers/tty/serial/msm_geni_serial.o
  AR      drivers/thermal/tegra/built-in.a
  CC      drivers/platform/msm/ipa/ipa_v3/ipa_uc.o
  CC      drivers/staging/android/ion/ion_page_pool.o
  CC      drivers/scsi/scsi_scan.o
  AR      drivers/staging/media/built-in.a
  CC      drivers/soc/qcom/mdt_loader.o
  AR      drivers/tty/vt/built-in.a
  CC      drivers/soc/qcom/msm_bus/msm_bus_rules.o
  CC      drivers/scsi/scsi_sysfs.o
  CC      drivers/media/rc/keymaps/rc-videomate-m1f.o
  CC      drivers/thermal/qcom/adc-tm7.o
  CC      drivers/staging/android/ion/ion_system_heap.o
  AR      drivers/uio/built-in.a
  CC      drivers/staging/android/ion/ion_carveout_heap.o
  CC      drivers/platform/msm/ipa/ipa_v3/ipa_uc_wdi.o
  CC      drivers/usb/class/cdc-acm.o
  CC      drivers/media/rc/keymaps/rc-videomate-s350.o
  CC      drivers/platform/msm/ipa/ipa_v3/ipa_dma.o
  CC      drivers/soc/qcom/msm_bus/msm_bus_bimc_rpmh.o
  AR      drivers/tty/serial/built-in.a
  CC      drivers/thermal/qcom/qti_virtual_sensor.o
  CC      drivers/tty/tty_io.o
  CC      drivers/media/rc/keymaps/rc-videomate-tv-pvr.o
  CC      drivers/media/rc/keymaps/rc-winfast.o
  CC      drivers/staging/android/ion/ion_chunk_heap.o
  CC      drivers/scsi/scsi_devinfo.o
  CC      drivers/staging/qcacld-3.0/core/hdd/src/wlan_hdd_assoc.o
  CC      drivers/staging/android/ion/ion_system_secure_heap.o
  CC      drivers/soc/qcom/msm_bus/msm_bus_noc_rpmh.o
  CC      drivers/video/backlight/ktz8866.o
  CC      drivers/thermal/qcom/thermal_sensor_service_v01.o
  CC      drivers/media/rc/keymaps/rc-winfast-usbii-deluxe.o
  AR      drivers/usb/class/built-in.a
  CC      drivers/usb/common/common.o
  CC      drivers/media/rc/keymaps/rc-su3000.o
  CC      drivers/thermal/qcom/qmi_sensors.o
  CC      drivers/media/rc/keymaps/rc-zx-irdec.o
  CC      drivers/usb/core/usb.o
  CC      drivers/staging/android/ion/ion_cma_heap.o
  CC      drivers/video/backlight/dualktz8866.o
  CC      drivers/soc/qcom/msm_bus/msm_bus_proxy_client.o
  CC      drivers/usb/dwc3/core.o
  AR      drivers/usb/common/built-in.a
  AR      drivers/media/rc/keymaps/built-in.a
  CC      drivers/usb/core/hub.o
  CC      drivers/scsi/scsi_sysctl.o
  AR      drivers/media/rc/built-in.a
  AR      drivers/media/built-in.a
  CC      drivers/platform/msm/ipa/ipa_v3/ipa_uc_mhi.o
  CC      drivers/video/fbdev/core/fb_cmdline.o
  CC      drivers/tty/n_tty.o
  CC      drivers/thermal/qcom/bcl_pmic5.o
  CC      drivers/soc/qcom/msm_bus/msm_bus_of_rpmh.o
  CC      drivers/staging/android/ion/ion_camera_heap.o
  CC      drivers/video/backlight/backlight.o
  CC      drivers/scsi/scsi_proc.o
  CC      drivers/thermal/qcom/bcl_soc.o
  CC      drivers/video/hdmi.o
  AR      drivers/video/fbdev/core/built-in.a
  AR      drivers/video/fbdev/omap2/omapfb/displays/built-in.a
  AR      drivers/soc/qcom/msm_bus/built-in.a
  CC      drivers/soc/qcom/qmi_encdec.o
  AR      drivers/video/fbdev/omap2/omapfb/dss/built-in.a
  AR      drivers/video/fbdev/omap2/omapfb/built-in.a
  AR      drivers/video/fbdev/omap2/built-in.a
  AR      drivers/video/fbdev/built-in.a
  CC      drivers/soc/qcom/qmi_interface.o
  CC      drivers/platform/msm/ipa/ipa_v3/ipa_mhi.o
  CC      drivers/staging/android/ion/ion_secure_util.o
  CC      drivers/thermal/qcom/thermal_mitigation_device_service_v01.o
  CC      drivers/video/backlight/generic_bl.o
  CC      drivers/scsi/scsi_trace.o
  CC      drivers/staging/qcacld-3.0/core/hdd/src/wlan_hdd_cfg.o
  CC      drivers/thermal/thermal_core.o
  CC      drivers/tty/tty_ioctl.o
  CC      drivers/thermal/qcom/qmi_cooling.o
  CC      drivers/usb/dwc3/debug_ipc.o
  CC      drivers/tty/tty_ldisc.o
  CC      drivers/video/backlight/qcom-spmi-wled.o
  CC      drivers/usb/core/hcd.o
  CC      drivers/scsi/scsi_logging.o
  CC      drivers/staging/android/ion/ion_cma_secure_heap.o
  CC      drivers/thermal/qcom/msm_lmh_dcvs.o
  CC      drivers/platform/msm/ipa/ipa_v3/ipa_uc_ntn.o
  CC      drivers/usb/dwc3/trace.o
  CC      drivers/soc/qcom/qmi_rmnet.o
  CC      drivers/usb/dwc3/host.o
  CC      drivers/tty/tty_buffer.o
  AR      drivers/staging/android/ion/built-in.a
  AR      drivers/staging/android/built-in.a
  AR      drivers/video/backlight/built-in.a
  CC      drivers/usb/dwc3/gadget.o
  AR      drivers/video/built-in.a
  CC      drivers/usb/dwc3/ep0.o
  CC      drivers/scsi/scsi_pm.o
  CC      drivers/thermal/qcom/lmh_dbg.o
  CC      drivers/thermal/qcom/cpu_isolate.o
  CC      drivers/usb/core/urb.o
  CC      drivers/platform/msm/ipa/ipa_v3/ipa_hw_stats.o
  CC      drivers/soc/qcom/dfc_qmi.o
  CC      drivers/staging/qcacld-3.0/core/hdd/src/wlan_hdd_cfg80211.o
  CC      drivers/tty/tty_port.o
  CC      drivers/staging/qcacld-3.0/core/hdd/src/wlan_hdd_data_stall_detection.o
  CC      drivers/usb/gadget/function/u_ether.o
  CC      drivers/scsi/scsi_common.o
  CC      drivers/thermal/qcom/msm_isense_cdsp.o
  CC      drivers/scsi/sd.o
  CC      drivers/usb/core/message.o
  CC      drivers/usb/gadget/function/rndis.o
  CC      drivers/tty/tty_mutex.o
  CC      drivers/thermal/thermal_sysfs.o
  AR      drivers/thermal/qcom/built-in.a
  CC      drivers/vservices/protocol/block/server.o
  CC      drivers/soc/qcom/dfc_qmap.o
  CC      drivers/platform/msm/ipa/ipa_v3/ipa_pm.o
  CC      drivers/thermal/thermal_helpers.o
  CC      drivers/tty/tty_ldsem.o
  CC      drivers/vservices/protocol/block/client.o
  CC      drivers/staging/qcacld-3.0/core/hdd/src/wlan_hdd_driver_ops.o
  CC      drivers/usb/dwc3/drd.o
  CC      drivers/usb/gadget/function/f_ncm.o
  CC      drivers/usb/gadget/function/f_mass_storage.o
  CC      drivers/usb/core/driver.o
  CC      drivers/tty/tty_baudrate.o
  CC      drivers/thermal/thermal_hwmon.o
  CC      drivers/scsi/sg.o
  CC      drivers/soc/qcom/wda_qmi.o
  AR      drivers/vservices/protocol/block/built-in.a
  CC      drivers/vservices/protocol/core/server.o
  CC      drivers/thermal/of-thermal.o
  CC      drivers/platform/msm/ipa/ipa_v3/ipa_wdi3_i.o
  CC      drivers/tty/tty_jobctrl.o
  CC      drivers/usb/dwc3/dwc3-haps.o
  CC      drivers/usb/core/config.o
  CC      drivers/soc/qcom/rpmh-rsc.o
  CC      drivers/vservices/transport/axon.o
  CC      drivers/vservices/protocol/core/client.o
  CC      drivers/usb/dwc3/dwc3-of-simple.o
  CC      drivers/tty/n_null.o
  AR      drivers/scsi/built-in.a
  CC      drivers/vservices/session.o
  CC      drivers/platform/msm/ipa/ipa_v3/ipa_odl.o
  CC      drivers/vservices/devio.o
  CC      drivers/usb/core/file.o
  CC      drivers/thermal/step_wise.o
  CC      drivers/soc/qcom/rpmh.o
  AR      drivers/vservices/protocol/core/built-in.a
  CC      drivers/usb/dwc3/dwc3-qcom.o
  CC      drivers/vservices/protocol/serial/client.o
  CC      drivers/tty/pty.o
  CC      drivers/thermal/user_space.o
  CC      drivers/staging/qcacld-3.0/core/hdd/src/wlan_hdd_ftm.o
  CC      drivers/usb/core/buffer.o
  AR      drivers/vservices/transport/built-in.a
  CC      drivers/vservices/protocol/serial/server.o
  CC      drivers/soc/qcom/smem.o
  AR      drivers/usb/gadget/legacy/built-in.a
  CC      drivers/soc/qcom/smem_state.o
  CC      drivers/thermal/gov_low_limits.o
  CC      drivers/platform/msm/ipa/ipa_v3/ipa_wigig_i.o
  CC      drivers/usb/dwc3/dwc3-msm.o
  CC      drivers/usb/host/pci-quirks.o
  CC      drivers/tty/tty_audit.o
  CC      drivers/usb/dwc3/dbm.o
  CC      drivers/usb/core/sysfs.o
  CC      drivers/thermal/cpu_cooling.o
  CC      drivers/usb/core/endpoint.o
  CC      drivers/soc/qcom/smp2p.o
  AR      drivers/vservices/protocol/serial/built-in.a
  AR      drivers/vservices/protocol/built-in.a
  CC      drivers/vservices/core_client.o
  CC      drivers/vservices/core_server.o
  CC      drivers/tty/sysrq.o
  CC      drivers/usb/gadget/function/storage_common.o
  CC      drivers/usb/core/devio.o
  CC      drivers/usb/host/xhci.o
  CC      drivers/soc/qcom/qcom_ipcc.o
  CC      drivers/thermal/devfreq_cooling.o
  CC      drivers/usb/host/xhci-mem.o
  CC      drivers/platform/msm/ipa/ipa_v3/dump/ipa_reg_dump.o
  AR      drivers/vservices/built-in.a
  CC      drivers/soc/qcom/llcc-slice.o
  CC      drivers/staging/qcacld-3.0/core/hdd/src/wlan_hdd_hostapd.o
  CC      drivers/platform/msm/ipa/ipa_v3/rmnet_ipa.o
  CC      drivers/thermal/qcom-spmi-temp-alarm.o
  CC      drivers/tty/okl4_vtty.o
  CC      drivers/usb/gadget/udc/core.o
  CC      drivers/soc/qcom/llcc-kona.o
  CC      drivers/thermal/msm-tsens.o
  CC      drivers/soc/qcom/secure_buffer.o
  CC      drivers/usb/core/notify.o
  CC      drivers/usb/gadget/udc/trace.o
  AR      drivers/tty/built-in.a
  CC      drivers/usb/gadget/usbstring.o
  CC      drivers/thermal/tsens2xxx.o
  AR      drivers/usb/dwc3/built-in.a
  CC      drivers/usb/gadget/config.o
  CC      drivers/platform/msm/ipa/ipa_v3/ipa_qmi_service_v01.o
  CC      drivers/staging/qcacld-3.0/core/hdd/src/wlan_hdd_ioctl.o
  CC      drivers/usb/core/generic.o
  CC      drivers/usb/host/xhci-ext-caps.o
  CC      drivers/usb/core/quirks.o
  CC      drivers/thermal/tsens-mtc.o
  AR      drivers/usb/gadget/udc/built-in.a
  CC      drivers/soc/qcom/scm.o
  CC      drivers/usb/isp1760/isp1760-core.o
  CC      drivers/usb/isp1760/isp1760-if.o
  CC      drivers/usb/host/xhci-ring.o
  CC      drivers/usb/gadget/function/f_fs.o
  CC      drivers/platform/msm/ipa/ipa_v3/ipa_qmi_service.o
  CC      drivers/usb/isp1760/isp1760-hcd.o
  CC      drivers/thermal/tsens1xxx.o
  CC      drivers/usb/core/devices.o
  CC      drivers/usb/gadget/epautoconf.o
  CC      drivers/usb/host/xhci-hub.o
  CC      drivers/usb/host/xhci-dbg.o
  CC      drivers/usb/host/xhci-trace.o
  CC      drivers/thermal/tsens-calib.o
  CC      drivers/soc/qcom/early_random.o
  CC      drivers/usb/core/phy.o
  CC      drivers/usb/host/xhci-pci.o
  CC      drivers/staging/qcacld-3.0/core/hdd/src/wlan_hdd_main.o
  AR      drivers/thermal/built-in.a
  CC      drivers/usb/host/xhci-plat.o
  AR      drivers/usb/isp1760/built-in.a
  CC      drivers/usb/gadget/function/u_audio.o
  CC      drivers/soc/qcom/spss_utils.o
  CC      drivers/usb/core/port.o
  CC      drivers/platform/msm/ipa/ipa_v3/rmnet_ipa_fd_ioctl.o
  CC      drivers/usb/core/of.o
  CC      drivers/platform/msm/ipa/ipa_v3/ipa_mpm.o
  CC      drivers/usb/core/hcd-pci.o
  CC      drivers/soc/qcom/qtee_shmbridge.o
  CC      drivers/staging/qcacld-3.0/core/hdd/src/wlan_hdd_object_manager.o
  CC      drivers/usb/gadget/composite.o
  AR      drivers/usb/host/built-in.a
  CC      drivers/usb/gadget/functions.o
  CC      drivers/usb/gadget/function/f_uac1.o
  CC      drivers/staging/qcacld-3.0/core/hdd/src/wlan_hdd_oemdata.o
  CC      drivers/soc/qcom/boot_stats.o
  CC      drivers/usb/gadget/function/f_uac2.o
  CC      drivers/usb/gadget/function/f_uvc.o
  CC      drivers/soc/qcom/memory_dump_v2.o
  CC      drivers/soc/qcom/service-notifier.o
  AR      drivers/usb/core/built-in.a
  CC      drivers/usb/misc/ehset.o
  CC      drivers/usb/pd/policy_engine.o
  CC      drivers/usb/misc/lvstest.o
  CC      drivers/usb/pd/qpnp-pdphy.o
  CC      drivers/usb/gadget/function/uvc_queue.o
  AR      drivers/platform/msm/ipa/ipa_v3/built-in.a
  AR      drivers/platform/msm/ipa/built-in.a
  CC      drivers/soc/qcom/service-locator.o
  AR      drivers/platform/msm/built-in.a
  AR      drivers/platform/built-in.a
  CC      drivers/usb/gadget/configfs.o
  CC      drivers/usb/misc/ssusb-redriver-nb7vpq904m.o
  CC      drivers/usb/pd/ps5169.o
  CC      drivers/usb/phy/phy.o
  CC      drivers/usb/phy/of.o
  CC      drivers/staging/qcacld-3.0/core/hdd/src/wlan_hdd_p2p.o
  CC      drivers/usb/gadget/function/uvc_v4l2.o
  CC      drivers/usb/gadget/function/uvc_video.o
  CC      drivers/soc/qcom/sysmon-qmi.o
  CC      drivers/soc/qcom/subsys-pil-tz.o
  CC      drivers/soc/qcom/peripheral-loader.o
  AR      drivers/usb/misc/built-in.a
  CC      drivers/usb/gadget/u_f.o
  CC      drivers/staging/qcacld-3.0/core/hdd/src/wlan_hdd_power.o
  CC      drivers/usb/phy/phy-generic.o
  CC      drivers/soc/qcom/spcom.o
  CC      drivers/usb/serial/usb-serial.o
  CC      drivers/usb/gadget/function/uvc_configfs.o
  CC      drivers/usb/serial/generic.o
  AR      drivers/usb/pd/built-in.a
  CC      drivers/staging/qcacld-3.0/core/hdd/src/wlan_hdd_regulatory.o
  CC      drivers/staging/qcacld-3.0/core/hdd/src/wlan_hdd_scan.o
  CC      drivers/usb/phy/phy-qcom-emu.o
  CC      drivers/usb/gadget/function/f_midi.o
  CC      drivers/usb/phy/phy-msm-ssusb-qmp.o
  CC      drivers/usb/serial/bus.o
  CC      drivers/usb/storage/scsiglue.o
  CC      drivers/staging/qcacld-3.0/core/hdd/src/wlan_hdd_softap_tx_rx.o
  CC      drivers/usb/phy/phy-msm-snps-hs.o
  CC      drivers/soc/qcom/smcinvoke.o
  CC      drivers/usb/storage/protocol.o
  CC      drivers/usb/gadget/function/f_hid.o
  CC      drivers/usb/storage/transport.o
  CC      drivers/usb/storage/usb.o
  CC      drivers/usb/serial/cp210x.o
  AR      drivers/usb/phy/built-in.a
  CC      drivers/usb/storage/initializers.o
  CC      drivers/usb/serial/ftdi_sio.o
  CC      drivers/usb/gadget/function/f_diag.o
  CC      drivers/usb/gadget/function/f_cdev.o
  CC      drivers/soc/qcom/rq_stats.o
  AR      drivers/usb/typec/altmodes/built-in.a
  AR      drivers/usb/typec/fusb302/built-in.a
  AR      drivers/usb/typec/mux/built-in.a
  CC      drivers/soc/qcom/subsystem_notif.o
  CC      drivers/usb/typec/class.o
  CC      drivers/usb/typec/mux.o
  CC      drivers/usb/typec/bus.o
  CC      drivers/usb/storage/sierra_ms.o
  CC      drivers/usb/gadget/function/f_ccid.o
  CC      drivers/usb/gadget/function/f_audio_source.o
  CC      drivers/usb/storage/option_ms.o
  AR      drivers/usb/serial/built-in.a
  CC      drivers/usb/storage/usual-tables.o
  CC      drivers/staging/qcacld-3.0/core/hdd/src/wlan_hdd_sta_info.o
  CC      drivers/usb/gadget/function/f_accessory.o
  CC      drivers/soc/qcom/subsystem_restart.o
  CC      drivers/staging/qcacld-3.0/core/hdd/src/wlan_hdd_stats.o
  CC      drivers/soc/qcom/ramdump.o
  CC      drivers/usb/gadget/function/f_qdss.o
  AR      drivers/usb/typec/built-in.a
  CC      drivers/soc/qcom/microdump_collector.o
  CC      drivers/staging/qcacld-3.0/core/hdd/src/wlan_hdd_trace.o
  CC      drivers/soc/qcom/eud.o
  CC      drivers/soc/qcom/socinfo.o
  CC      drivers/staging/qcacld-3.0/core/hdd/src/wlan_hdd_tx_rx.o
  AR      drivers/usb/storage/built-in.a
  CC      drivers/soc/qcom/watchdog_v2.o
  CC      drivers/soc/qcom/fsa4480-i2c.o
  CC      drivers/usb/gadget/function/u_qdss.o
  CC      drivers/soc/qcom/glink_probe.o
  CC      drivers/staging/qcacld-3.0/core/hdd/src/wlan_hdd_wmm.o
  CC      drivers/staging/qcacld-3.0/core/hdd/src/wlan_hdd_wowl.o
  CC      drivers/staging/qcacld-3.0/core/hdd/src/wlan_hdd_wext.o
  CC      drivers/soc/qcom/glink_pkt.o
  CC      drivers/staging/qcacld-3.0/core/hdd/src/wlan_hdd_hostapd_wext.o
  CC      drivers/usb/gadget/function/f_gsi.o
  CC      drivers/staging/qcacld-3.0/core/hdd/src/wlan_hdd_spectralscan.o
  CC      drivers/usb/gadget/function/f_mtp.o
  CC      drivers/staging/qcacld-3.0/core/hdd/src/wlan_hdd_fips.o
  CC      drivers/soc/qcom/smp2p_sleepstate.o
  CC      drivers/soc/qcom/qdss_bridge.o
  CC      drivers/usb/gadget/function/f_ptp.o
  CC      drivers/soc/qcom/qbt_handler.o
  CC      drivers/staging/qcacld-3.0/core/hdd/src/wlan_hdd_green_ap.o
  CC      drivers/soc/qcom/qsee_ipc_irq.o
  CC      drivers/staging/qcacld-3.0/core/hdd/src/wlan_hdd_apf.o
  CC      drivers/soc/qcom/qsee_ipc_irq_bridge.o
  CC      drivers/soc/qcom/qpnp-pbs.o
  CC      drivers/staging/qcacld-3.0/core/hdd/src/wlan_hdd_lpass.o
  AR      drivers/usb/gadget/function/built-in.a
  AR      drivers/usb/gadget/built-in.a
  AR      drivers/usb/built-in.a
  CC      drivers/staging/qcacld-3.0/core/hdd/src/wlan_hdd_napi.o
  CC      drivers/soc/qcom/system_pm.o
  CC      drivers/staging/qcacld-3.0/core/hdd/src/wlan_hdd_nan.o
  CC      drivers/staging/qcacld-3.0/core/hdd/src/wlan_hdd_nan_datapath.o
  CC      drivers/soc/qcom/event_timer.o
  CC      drivers/staging/qcacld-3.0/core/hdd/src/wlan_hdd_tdls.o
  CC      drivers/soc/qcom/msm_performance.o
  CC      drivers/staging/qcacld-3.0/core/hdd/src/wlan_hdd_tsf.o
  CC      drivers/soc/qcom/cdsprm.o
  CC      drivers/staging/qcacld-3.0/core/hdd/src/wlan_hdd_disa.o
  CC      drivers/soc/qcom/crypto-qti-common.o
  CC      drivers/soc/qcom/crypto-qti-tz.o
  CC      drivers/staging/qcacld-3.0/core/hdd/src/wlan_hdd_subnet_detect.o
  CC      drivers/staging/qcacld-3.0/core/hdd/src/wlan_hdd_he.o
  CC      drivers/staging/qcacld-3.0/core/hdd/src/wlan_hdd_twt.o
  CC      drivers/staging/qcacld-3.0/core/hdd/src/wlan_hdd_rx_monitor.o
  CC      drivers/staging/qcacld-3.0/core/hdd/src/wlan_hdd_nud_tracking.o
  AR      drivers/soc/qcom/built-in.a
  CC      drivers/staging/qcacld-3.0/core/hdd/src/wlan_hdd_packet_filter.o
  AR      drivers/soc/built-in.a
  CC      drivers/staging/qcacld-3.0/core/hdd/src/wlan_hdd_rssi_monitor.o
  CC      drivers/staging/qcacld-3.0/core/hdd/src/wlan_hdd_bss_transition.o
  CC      drivers/staging/qcacld-3.0/core/hdd/src/wlan_hdd_station_info.o
  CC      drivers/staging/qcacld-3.0/core/hdd/src/wlan_hdd_tx_power.o
  CC      drivers/staging/qcacld-3.0/core/hdd/src/wlan_hdd_ota_test.o
  CC      drivers/staging/qcacld-3.0/core/hdd/src/wlan_hdd_active_tos.o
  CC      drivers/staging/qcacld-3.0/core/hdd/src/wlan_hdd_sar_limits.o
  CC      drivers/staging/qcacld-3.0/core/hdd/src/wlan_hdd_concurrency_matrix.o
  CC      drivers/staging/qcacld-3.0/core/hdd/src/wlan_hdd_sap_cond_chan_switch.o
  CC      drivers/staging/qcacld-3.0/core/hdd/src/wlan_hdd_p2p_listen_offload.o
  CC      drivers/staging/qcacld-3.0/core/hdd/src/wlan_hdd_sysfs.o
  CC      drivers/staging/qcacld-3.0/os_if/sync/src/osif_sync.o
  CC      drivers/staging/qcacld-3.0/os_if/sync/src/osif_driver_sync.o
  CC      drivers/staging/qcacld-3.0/os_if/sync/src/osif_psoc_sync.o
  CC      drivers/staging/qcacld-3.0/os_if/sync/src/osif_vdev_sync.o
  CC      drivers/staging/qcacld-3.0/components/dsc/src/__wlan_dsc.o
  CC      drivers/staging/qcacld-3.0/components/dsc/src/wlan_dsc_driver.o
  CC      drivers/staging/qcacld-3.0/components/dsc/src/wlan_dsc_psoc.o
  CC      drivers/staging/qcacld-3.0/components/dsc/src/wlan_dsc_vdev.o
  CC      drivers/staging/qcacld-3.0/core/mac/src/dph/dph_hash_table.o
  CC      drivers/staging/qcacld-3.0/core/mac/src/pe/lim/lim_aid_mgmt.o
  CC      drivers/staging/qcacld-3.0/core/mac/src/pe/lim/lim_admit_control.o
  CC      drivers/staging/qcacld-3.0/core/mac/src/pe/lim/lim_api.o
  CC      drivers/staging/qcacld-3.0/core/mac/src/pe/lim/lim_assoc_utils.o
  CC      drivers/staging/qcacld-3.0/core/mac/src/pe/lim/lim_ft.o
  CC      drivers/staging/qcacld-3.0/core/mac/src/pe/lim/lim_link_monitoring_algo.o
  CC      drivers/staging/qcacld-3.0/core/mac/src/pe/lim/lim_process_action_frame.o
  CC      drivers/staging/qcacld-3.0/core/mac/src/pe/lim/lim_process_assoc_req_frame.o
  CC      drivers/staging/qcacld-3.0/core/mac/src/pe/lim/lim_process_assoc_rsp_frame.o
  CC      drivers/staging/qcacld-3.0/core/mac/src/pe/lim/lim_process_auth_frame.o
  CC      drivers/staging/qcacld-3.0/core/mac/src/pe/lim/lim_process_beacon_frame.o
  CC      drivers/staging/qcacld-3.0/core/mac/src/pe/lim/lim_process_cfg_updates.o
  CC      drivers/staging/qcacld-3.0/core/mac/src/pe/lim/lim_process_deauth_frame.o
  CC      drivers/staging/qcacld-3.0/core/mac/src/pe/lim/lim_process_disassoc_frame.o
  CC      drivers/staging/qcacld-3.0/core/mac/src/pe/lim/lim_process_message_queue.o
  CC      drivers/staging/qcacld-3.0/core/mac/src/pe/lim/lim_process_mlm_req_messages.o
  CC      drivers/staging/qcacld-3.0/core/mac/src/pe/lim/lim_process_mlm_rsp_messages.o
  CC      drivers/staging/qcacld-3.0/core/mac/src/pe/lim/lim_process_probe_req_frame.o
  CC      drivers/staging/qcacld-3.0/core/mac/src/pe/lim/lim_process_probe_rsp_frame.o
  CC      drivers/staging/qcacld-3.0/core/mac/src/pe/lim/lim_process_sme_req_messages.o
  CC      drivers/staging/qcacld-3.0/core/mac/src/pe/lim/lim_prop_exts_utils.o
  CC      drivers/staging/qcacld-3.0/core/mac/src/pe/lim/lim_scan_result_utils.o
  CC      drivers/staging/qcacld-3.0/core/mac/src/pe/lim/lim_security_utils.o
  CC      drivers/staging/qcacld-3.0/core/mac/src/pe/lim/lim_send_management_frames.o
  CC      drivers/staging/qcacld-3.0/core/mac/src/pe/lim/lim_send_messages.o
  CC      drivers/staging/qcacld-3.0/core/mac/src/pe/lim/lim_send_sme_rsp_messages.o
  CC      drivers/staging/qcacld-3.0/core/mac/src/pe/lim/lim_session.o
  CC      drivers/staging/qcacld-3.0/core/mac/src/pe/lim/lim_session_utils.o
  CC      drivers/staging/qcacld-3.0/core/mac/src/pe/lim/lim_sme_req_utils.o
  CC      drivers/staging/qcacld-3.0/core/mac/src/pe/lim/lim_timer_utils.o
  CC      drivers/staging/qcacld-3.0/core/mac/src/pe/lim/lim_trace.o
  CC      drivers/staging/qcacld-3.0/core/mac/src/pe/lim/lim_utils.o
  CC      drivers/staging/qcacld-3.0/core/mac/src/pe/lim/lim_ibss_peer_mgmt.o
  CC      drivers/staging/qcacld-3.0/core/mac/src/pe/lim/lim_process_tdls.o
  CC      drivers/staging/qcacld-3.0/core/mac/src/pe/lim/lim_process_fils.o
  CC      drivers/staging/qcacld-3.0/core/mac/src/pe/sch/sch_api.o
  CC      drivers/staging/qcacld-3.0/core/mac/src/pe/sch/sch_beacon_gen.o
  CC      drivers/staging/qcacld-3.0/core/mac/src/pe/sch/sch_beacon_process.o
  CC      drivers/staging/qcacld-3.0/core/mac/src/pe/sch/sch_message.o
  CC      drivers/staging/qcacld-3.0/core/mac/src/pe/rrm/rrm_api.o
  CC      drivers/staging/qcacld-3.0/core/mac/src/pe/nan/nan_datapath.o
  CC      drivers/staging/qcacld-3.0/core/sap/src/sap_api_link_cntl.o
  CC      drivers/staging/qcacld-3.0/core/sap/src/sap_ch_select.o
  CC      drivers/staging/qcacld-3.0/core/sap/src/sap_fsm.o
  CC      drivers/staging/qcacld-3.0/core/sap/src/sap_module.o
  CC      drivers/staging/qcacld-3.0/core/sme/src/common/sme_api.o
  CC      drivers/staging/qcacld-3.0/core/sme/src/common/sme_ft_api.o
  CC      drivers/staging/qcacld-3.0/core/sme/src/common/sme_power_save.o
  CC      drivers/staging/qcacld-3.0/core/sme/src/common/sme_trace.o
  CC      drivers/staging/qcacld-3.0/core/sme/src/csr/csr_api_roam.o
  CC      drivers/staging/qcacld-3.0/core/sme/src/csr/csr_api_scan.o
  CC      drivers/staging/qcacld-3.0/core/sme/src/csr/csr_cmd_process.o
  CC      drivers/staging/qcacld-3.0/core/sme/src/csr/csr_link_list.o
  CC      drivers/staging/qcacld-3.0/core/sme/src/csr/csr_neighbor_roam.o
  CC      drivers/staging/qcacld-3.0/core/sme/src/csr/csr_util.o
  CC      drivers/staging/qcacld-3.0/core/sme/src/qos/sme_qos.o
  CC      drivers/staging/qcacld-3.0/core/sme/src/rrm/sme_rrm.o
  CC      drivers/staging/qcacld-3.0/core/sme/src/nan/nan_datapath_api.o
  CC      drivers/staging/qcacld-3.0/core/mac/src/sys/common/src/wlan_qct_sys.o
  CC      drivers/staging/qcacld-3.0/core/mac/src/sys/legacy/src/platform/src/sys_wrapper.o
  CC      drivers/staging/qcacld-3.0/core/mac/src/sys/legacy/src/system/src/mac_init_api.o
  CC      drivers/staging/qcacld-3.0/core/mac/src/sys/legacy/src/system/src/sys_entry_func.o
  CC      drivers/staging/qcacld-3.0/core/mac/src/sys/legacy/src/utils/src/dot11f.o
  CC      drivers/staging/qcacld-3.0/core/mac/src/sys/legacy/src/utils/src/mac_trace.o
  CC      drivers/staging/qcacld-3.0/core/mac/src/sys/legacy/src/utils/src/parser_api.o
  CC      drivers/staging/qcacld-3.0/core/mac/src/sys/legacy/src/utils/src/utils_parser.o
  CC      drivers/staging/qcacld-3.0/../qca-wifi-host-cmn/qdf/linux/src/qdf_crypto.o
  CC      drivers/staging/qcacld-3.0/../qca-wifi-host-cmn/qdf/linux/src/qdf_defer.o
  CC      drivers/staging/qcacld-3.0/../qca-wifi-host-cmn/qdf/linux/src/qdf_delayed_work.o
  CC      drivers/staging/qcacld-3.0/../qca-wifi-host-cmn/qdf/linux/src/qdf_event.o
  CC      drivers/staging/qcacld-3.0/../qca-wifi-host-cmn/qdf/linux/src/qdf_file.o
  CC      drivers/staging/qcacld-3.0/../qca-wifi-host-cmn/qdf/linux/src/qdf_func_tracker.o
  CC      drivers/staging/qcacld-3.0/../qca-wifi-host-cmn/qdf/linux/src/qdf_idr.o
  CC      drivers/staging/qcacld-3.0/../qca-wifi-host-cmn/qdf/linux/src/qdf_list.o
  CC      drivers/staging/qcacld-3.0/../qca-wifi-host-cmn/qdf/linux/src/qdf_lock.o
  CC      drivers/staging/qcacld-3.0/../qca-wifi-host-cmn/qdf/linux/src/qdf_mc_timer.o
  CC      drivers/staging/qcacld-3.0/../qca-wifi-host-cmn/qdf/linux/src/qdf_mem.o
  CC      drivers/staging/qcacld-3.0/../qca-wifi-host-cmn/qdf/linux/src/qdf_nbuf.o
  CC      drivers/staging/qcacld-3.0/../qca-wifi-host-cmn/qdf/linux/src/qdf_periodic_work.o
  CC      drivers/staging/qcacld-3.0/../qca-wifi-host-cmn/qdf/linux/src/qdf_status.o
  CC      drivers/staging/qcacld-3.0/../qca-wifi-host-cmn/qdf/linux/src/qdf_threads.o
  CC      drivers/staging/qcacld-3.0/../qca-wifi-host-cmn/qdf/linux/src/qdf_trace.o
  CC      drivers/staging/qcacld-3.0/../qca-wifi-host-cmn/qdf/src/qdf_flex_mem.o
  CC      drivers/staging/qcacld-3.0/../qca-wifi-host-cmn/qdf/src/qdf_parse.o
  CC      drivers/staging/qcacld-3.0/../qca-wifi-host-cmn/qdf/src/qdf_platform.o
  CC      drivers/staging/qcacld-3.0/../qca-wifi-host-cmn/qdf/src/qdf_str.o
  CC      drivers/staging/qcacld-3.0/../qca-wifi-host-cmn/qdf/src/qdf_talloc.o
  CC      drivers/staging/qcacld-3.0/../qca-wifi-host-cmn/qdf/src/qdf_types.o
  CC      drivers/staging/qcacld-3.0/../qca-wifi-host-cmn/qdf/src/qdf_cpuhp.o
  CC      drivers/staging/qcacld-3.0/../qca-wifi-host-cmn/qdf/linux/src/qdf_cpuhp.o
  CC      drivers/staging/qcacld-3.0/../qca-wifi-host-cmn/wbuff/src/wbuff.o
  CC      drivers/staging/qcacld-3.0/core/cds/src/cds_api.o
  CC      drivers/staging/qcacld-3.0/core/cds/src/cds_reg_service.o
  CC      drivers/staging/qcacld-3.0/core/cds/src/cds_packet.o
  CC      drivers/staging/qcacld-3.0/core/cds/src/cds_regdomain.o
  CC      drivers/staging/qcacld-3.0/core/cds/src/cds_sched.o
  CC      drivers/staging/qcacld-3.0/core/cds/src/cds_utils.o
  CC      drivers/staging/qcacld-3.0/../qca-wifi-host-cmn/cfg/src/cfg.o
  CC      drivers/staging/qcacld-3.0/../qca-wifi-host-cmn/ftm/dispatcher/src/wlan_ftm_init_deinit.o
  CC      drivers/staging/qcacld-3.0/../qca-wifi-host-cmn/ftm/dispatcher/src/wlan_ftm_ucfg_api.o
  CC      drivers/staging/qcacld-3.0/../qca-wifi-host-cmn/ftm/core/src/wlan_ftm_svc.o
  CC      drivers/staging/qcacld-3.0/../qca-wifi-host-cmn/target_if/ftm/src/target_if_ftm.o
  CC      drivers/staging/qcacld-3.0/../qca-wifi-host-cmn/os_if/linux/ftm/src/wlan_cfg80211_ftm.o
  CC      drivers/staging/qcacld-3.0/../qca-wifi-host-cmn/os_if/linux/ftm/src/wlan_ioctl_ftm.o
  CC      drivers/staging/qcacld-3.0/core/wma/src/wma_main.o
  CC      drivers/staging/qcacld-3.0/core/wma/src/wma_scan_roam.o
  CC      drivers/staging/qcacld-3.0/core/wma/src/wma_dev_if.o
  CC      drivers/staging/qcacld-3.0/core/wma/src/wma_mgmt.o
  CC      drivers/staging/qcacld-3.0/core/wma/src/wma_power.o
  CC      drivers/staging/qcacld-3.0/core/wma/src/wma_data.o
  CC      drivers/staging/qcacld-3.0/core/wma/src/wma_utils.o
  CC      drivers/staging/qcacld-3.0/core/wma/src/wma_features.o
  CC      drivers/staging/qcacld-3.0/core/wma/src/wlan_qct_wma_legacy.o
  CC      drivers/staging/qcacld-3.0/core/wma/src/wma_nan_datapath.o
  CC      drivers/staging/qcacld-3.0/core/wma/src/wma_fips_api.o
  CC      drivers/staging/qcacld-3.0/core/wma/src/wma_he.o
  CC      drivers/staging/qcacld-3.0/core/wma/src/wma_twt.o
  CC      drivers/staging/qcacld-3.0/../qca-wifi-host-cmn/wmi/src/wmi_unified.o
  CC      drivers/staging/qcacld-3.0/../qca-wifi-host-cmn/wmi/src/wmi_tlv_helper.o
  CC      drivers/staging/qcacld-3.0/../qca-wifi-host-cmn/wmi/src/wmi_unified_tlv.o
  CC      drivers/staging/qcacld-3.0/../qca-wifi-host-cmn/wmi/src/wmi_unified_api.o
  CC      drivers/staging/qcacld-3.0/../qca-wifi-host-cmn/wmi/src/wmi_unified_reg_api.o
  CC      drivers/staging/qcacld-3.0/../qca-wifi-host-cmn/wmi/src/wmi_unified_vdev_api.o
  CC      drivers/staging/qcacld-3.0/../qca-wifi-host-cmn/wmi/src/wmi_unified_vdev_tlv.o
  CC      drivers/staging/qcacld-3.0/../qca-wifi-host-cmn/wmi/src/wmi_unified_crypto_api.o
  CC      drivers/staging/qcacld-3.0/../qca-wifi-host-cmn/wmi/src/wmi_unified_pmo_api.o
  CC      drivers/staging/qcacld-3.0/../qca-wifi-host-cmn/wmi/src/wmi_unified_pmo_tlv.o
  CC      drivers/staging/qcacld-3.0/../qca-wifi-host-cmn/wmi/src/wmi_unified_apf_tlv.o
  CC      drivers/staging/qcacld-3.0/../qca-wifi-host-cmn/wmi/src/wmi_unified_action_oui_tlv.o
  CC      drivers/staging/qcacld-3.0/../qca-wifi-host-cmn/wmi/src/wmi_unified_dfs_api.o
  CC      drivers/staging/qcacld-3.0/../qca-wifi-host-cmn/wmi/src/wmi_unified_twt_api.o
  CC      drivers/staging/qcacld-3.0/../qca-wifi-host-cmn/wmi/src/wmi_unified_twt_tlv.o
  CC      drivers/staging/qcacld-3.0/../qca-wifi-host-cmn/wmi/src/wmi_unified_nan_api.o
  CC      drivers/staging/qcacld-3.0/../qca-wifi-host-cmn/wmi/src/wmi_unified_nan_tlv.o
  CC      drivers/staging/qcacld-3.0/../qca-wifi-host-cmn/wmi/src/wmi_unified_p2p_api.o
  CC      drivers/staging/qcacld-3.0/../qca-wifi-host-cmn/wmi/src/wmi_unified_p2p_tlv.o
  CC      drivers/staging/qcacld-3.0/../qca-wifi-host-cmn/wmi/src/wmi_unified_roam_api.o
  CC      drivers/staging/qcacld-3.0/../qca-wifi-host-cmn/wmi/src/wmi_unified_roam_tlv.o
  CC      drivers/staging/qcacld-3.0/../qca-wifi-host-cmn/wmi/src/wmi_unified_concurrency_api.o
  CC      drivers/staging/qcacld-3.0/../qca-wifi-host-cmn/wmi/src/wmi_unified_concurrency_tlv.o
  CC      drivers/staging/qcacld-3.0/../qca-wifi-host-cmn/wmi/src/wmi_unified_sta_api.o
  CC      drivers/staging/qcacld-3.0/../qca-wifi-host-cmn/wmi/src/wmi_unified_sta_tlv.o
  CC      drivers/staging/qcacld-3.0/../qca-wifi-host-cmn/wmi/src/wmi_unified_bcn_api.o
  CC      drivers/staging/qcacld-3.0/../qca-wifi-host-cmn/wmi/src/wmi_unified_bcn_tlv.o
  CC      drivers/staging/qcacld-3.0/../qca-wifi-host-cmn/wmi/src/wmi_unified_fwol_api.o
  CC      drivers/staging/qcacld-3.0/../qca-wifi-host-cmn/wmi/src/wmi_unified_fwol_tlv.o
  CC      drivers/staging/qcacld-3.0/../qca-wifi-host-cmn/htc/htc.o
  CC      drivers/staging/qcacld-3.0/../qca-wifi-host-cmn/htc/htc_send.o
  CC      drivers/staging/qcacld-3.0/../qca-wifi-host-cmn/htc/htc_recv.o
  CC      drivers/staging/qcacld-3.0/../qca-wifi-host-cmn/htc/htc_services.o
  CC      drivers/staging/qcacld-3.0/../qca-wifi-host-cmn/htc/htc_credit_history.o
  CC      drivers/staging/qcacld-3.0/../qca-wifi-host-cmn/init_deinit/dispatcher/src/dispatcher_init_deinit.o
  CC      drivers/staging/qcacld-3.0/../qca-wifi-host-cmn/scheduler/src/scheduler_api.o
  CC      drivers/staging/qcacld-3.0/../qca-wifi-host-cmn/scheduler/src/scheduler_core.o
  CC      drivers/staging/qcacld-3.0/../qca-wifi-host-cmn/umac/regulatory/core/src/reg_build_chan_list.o
  CC      drivers/staging/qcacld-3.0/../qca-wifi-host-cmn/umac/regulatory/core/src/reg_callbacks.o
  CC      drivers/staging/qcacld-3.0/../qca-wifi-host-cmn/umac/regulatory/core/src/reg_db.o
  CC      drivers/staging/qcacld-3.0/../qca-wifi-host-cmn/umac/regulatory/core/src/reg_db_parser.o
  CC      drivers/staging/qcacld-3.0/../qca-wifi-host-cmn/umac/regulatory/core/src/reg_utils.o
  CC      drivers/staging/qcacld-3.0/../qca-wifi-host-cmn/umac/regulatory/core/src/reg_lte.o
  CC      drivers/staging/qcacld-3.0/../qca-wifi-host-cmn/umac/regulatory/core/src/reg_offload_11d_scan.o
  CC      drivers/staging/qcacld-3.0/../qca-wifi-host-cmn/umac/regulatory/core/src/reg_opclass.o
  CC      drivers/staging/qcacld-3.0/../qca-wifi-host-cmn/umac/regulatory/core/src/reg_priv_objs.o
  CC      drivers/staging/qcacld-3.0/../qca-wifi-host-cmn/umac/regulatory/dispatcher/src/wlan_reg_services_api.o
  CC      drivers/staging/qcacld-3.0/../qca-wifi-host-cmn/umac/regulatory/core/src/reg_services_common.o
  CC      drivers/staging/qcacld-3.0/../qca-wifi-host-cmn/umac/regulatory/dispatcher/src/wlan_reg_tgt_api.o
  CC      drivers/staging/qcacld-3.0/../qca-wifi-host-cmn/umac/regulatory/dispatcher/src/wlan_reg_ucfg_api.o
  CC      drivers/staging/qcacld-3.0/../qca-wifi-host-cmn/hif/src/hif_napi.o
  CC      drivers/staging/qcacld-3.0/../qca-wifi-host-cmn/hif/src/hif_unit_test_suspend.o
  CC      drivers/staging/qcacld-3.0/../qca-wifi-host-cmn/hif/src/dispatcher/multibus.o
  CC      drivers/staging/qcacld-3.0/../qca-wifi-host-cmn/hif/src/dispatcher/dummy.o
  CC      drivers/staging/qcacld-3.0/../qca-wifi-host-cmn/hif/src/ath_procfs.o
  CC      drivers/staging/qcacld-3.0/../qca-wifi-host-cmn/hif/src/hif_main.o
  CC      drivers/staging/qcacld-3.0/../qca-wifi-host-cmn/hif/src/hif_exec.o
  CC      drivers/staging/qcacld-3.0/../qca-wifi-host-cmn/hif/src/hif_irq_affinity.o
  CC      drivers/staging/qcacld-3.0/../qca-wifi-host-cmn/hif/src/pcie/if_pci.o
  CC      drivers/staging/qcacld-3.0/../qca-wifi-host-cmn/hif/src/ce/ce_diag.o
  CC      drivers/staging/qcacld-3.0/../qca-wifi-host-cmn/hif/src/ce/ce_main.o
  CC      drivers/staging/qcacld-3.0/../qca-wifi-host-cmn/hif/src/ce/ce_service.o
  CC      drivers/staging/qcacld-3.0/../qca-wifi-host-cmn/hif/src/ce/ce_tasklet.o
  CC      drivers/staging/qcacld-3.0/../qca-wifi-host-cmn/hif/src/mp_dev.o
  CC      drivers/staging/qcacld-3.0/../qca-wifi-host-cmn/hif/src/regtable.o
  CC      drivers/staging/qcacld-3.0/../qca-wifi-host-cmn/hif/src/qca6390def.o
  CC      drivers/staging/qcacld-3.0/../qca-wifi-host-cmn/hif/src/ce/ce_service_srng.o
  CC      drivers/staging/qcacld-3.0/../qca-wifi-host-cmn/hif/src/dispatcher/multibus_pci.o
  CC      drivers/staging/qcacld-3.0/../qca-wifi-host-cmn/os_if/linux/wlan_osif_request_manager.o
  CC      drivers/staging/qcacld-3.0/../qca-wifi-host-cmn/os_if/linux/crypto/src/wlan_nl_to_crypto_params.o
  CC      drivers/staging/qcacld-3.0/../qca-wifi-host-cmn/os_if/linux/crypto/src/wlan_cfg80211_crypto.o
  CC      drivers/staging/qcacld-3.0/../qca-wifi-host-cmn/target_if/core/src/target_if_main.o
  CC      drivers/staging/qcacld-3.0/../qca-wifi-host-cmn/target_if/regulatory/src/target_if_reg.o
  CC      drivers/staging/qcacld-3.0/../qca-wifi-host-cmn/target_if/regulatory/src/target_if_reg_lte.o
  CC      drivers/staging/qcacld-3.0/../qca-wifi-host-cmn/target_if/regulatory/src/target_if_reg_11d.o
  CC      drivers/staging/qcacld-3.0/../qca-wifi-host-cmn/target_if/init_deinit/src/init_cmd_api.o
  CC      drivers/staging/qcacld-3.0/../qca-wifi-host-cmn/target_if/init_deinit/src/init_deinit_lmac.o
  CC      drivers/staging/qcacld-3.0/../qca-wifi-host-cmn/target_if/init_deinit/src/init_event_handler.o
  CC      drivers/staging/qcacld-3.0/../qca-wifi-host-cmn/target_if/init_deinit/src/service_ready_util.o
  CC      drivers/staging/qcacld-3.0/../qca-wifi-host-cmn/target_if/mlme/vdev_mgr/src/target_if_vdev_mgr_tx_ops.o
  CC      drivers/staging/qcacld-3.0/../qca-wifi-host-cmn/target_if/mlme/vdev_mgr/src/target_if_vdev_mgr_rx_ops.o
  CC      drivers/staging/qcacld-3.0/../qca-wifi-host-cmn/target_if/mlme/psoc/src/target_if_psoc_timer_tx_ops.o
  CC      drivers/staging/qcacld-3.0/../qca-wifi-host-cmn/target_if/crypto/src/target_if_crypto.o
  CC      drivers/staging/qcacld-3.0/components/target_if/pmo/src/target_if_pmo_arp.o
  CC      drivers/staging/qcacld-3.0/components/target_if/pmo/src/target_if_pmo_gtk.o
  CC      drivers/staging/qcacld-3.0/components/target_if/pmo/src/target_if_pmo_hw_filter.o
  CC      drivers/staging/qcacld-3.0/components/target_if/pmo/src/target_if_pmo_lphb.o
  CC      drivers/staging/qcacld-3.0/components/target_if/pmo/src/target_if_pmo_main.o
  CC      drivers/staging/qcacld-3.0/components/target_if/pmo/src/target_if_pmo_mc_addr_filtering.o
  CC      drivers/staging/qcacld-3.0/components/target_if/pmo/src/target_if_pmo_static_config.o
  CC      drivers/staging/qcacld-3.0/components/target_if/pmo/src/target_if_pmo_suspend_resume.o
  CC      drivers/staging/qcacld-3.0/components/target_if/pmo/src/target_if_pmo_wow.o
  CC      drivers/staging/qcacld-3.0/components/target_if/pmo/src/target_if_pmo_ns.o
  CC      drivers/staging/qcacld-3.0/components/target_if/pmo/src/target_if_pmo_pkt_filter.o
  CC      drivers/staging/qcacld-3.0/components/target_if/disa/src/target_if_disa.o
  CC      drivers/staging/qcacld-3.0/components/target_if/blacklist_mgr/src/target_if_blm.o
  CC      drivers/staging/qcacld-3.0/components/target_if/action_oui/src/target_if_action_oui.o
  CC      drivers/staging/qcacld-3.0/../qca-wifi-host-cmn/global_lmac_if/src/wlan_global_lmac_if.o
  CC      drivers/staging/qcacld-3.0/../qca-wifi-host-cmn/hal/wifi3.0/hal_srng.o
  CC      drivers/staging/qcacld-3.0/../qca-wifi-host-cmn/hal/wifi3.0/hal_reo.o
  CC      drivers/staging/qcacld-3.0/../qca-wifi-host-cmn/hal/wifi3.0/qca6390/hal_6390.o
  CC      drivers/staging/qcacld-3.0/core/dp/txrx/ol_txrx_event.o
  CC      drivers/staging/qcacld-3.0/../qca-wifi-host-cmn/utils/epping/src/epping_main.o
  CC      drivers/staging/qcacld-3.0/../qca-wifi-host-cmn/utils/epping/src/epping_txrx.o
  CC      drivers/staging/qcacld-3.0/../qca-wifi-host-cmn/utils/epping/src/epping_tx.o
  CC      drivers/staging/qcacld-3.0/../qca-wifi-host-cmn/utils/epping/src/epping_rx.o
  CC      drivers/staging/qcacld-3.0/../qca-wifi-host-cmn/utils/epping/src/epping_helper.o
  CC      drivers/staging/qcacld-3.0/../qca-wifi-host-cmn/umac/dfs/core/src/misc/dfs.o
  CC      drivers/staging/qcacld-3.0/../qca-wifi-host-cmn/umac/dfs/core/src/misc/dfs_cac.o
  CC      drivers/staging/qcacld-3.0/../qca-wifi-host-cmn/umac/dfs/core/src/misc/dfs_nol.o
  CC      drivers/staging/qcacld-3.0/../qca-wifi-host-cmn/umac/dfs/core/src/misc/dfs_random_chan_sel.o
  CC      drivers/staging/qcacld-3.0/../qca-wifi-host-cmn/umac/dfs/core/src/misc/dfs_process_radar_found_ind.o
  CC      drivers/staging/qcacld-3.0/../qca-wifi-host-cmn/umac/dfs/dispatcher/src/wlan_dfs_init_deinit_api.o
  CC      drivers/staging/qcacld-3.0/../qca-wifi-host-cmn/umac/dfs/dispatcher/src/wlan_dfs_lmac_api.o
  CC      drivers/staging/qcacld-3.0/../qca-wifi-host-cmn/umac/dfs/dispatcher/src/wlan_dfs_mlme_api.o
  CC      drivers/staging/qcacld-3.0/../qca-wifi-host-cmn/umac/dfs/dispatcher/src/wlan_dfs_tgt_api.o
  CC      drivers/staging/qcacld-3.0/../qca-wifi-host-cmn/umac/dfs/dispatcher/src/wlan_dfs_ucfg_api.o
  CC      drivers/staging/qcacld-3.0/../qca-wifi-host-cmn/umac/dfs/dispatcher/src/wlan_dfs_utils_api.o
  CC      drivers/staging/qcacld-3.0/../qca-wifi-host-cmn/target_if/dfs/src/target_if_dfs.o
  CC      drivers/staging/qcacld-3.0/../qca-wifi-host-cmn/target_if/dfs/src/target_if_dfs_full_offload.o
  CC      drivers/staging/qcacld-3.0/../qca-wifi-host-cmn/umac/dfs/core/src/misc/dfs_full_offload.o
  CC      drivers/staging/qcacld-3.0/../qca-wifi-host-cmn/umac/cmn_services/obj_mgr/src/wlan_objmgr_global_obj.o
  CC      drivers/staging/qcacld-3.0/../qca-wifi-host-cmn/umac/cmn_services/obj_mgr/src/wlan_objmgr_pdev_obj.o
  CC      drivers/staging/qcacld-3.0/../qca-wifi-host-cmn/umac/cmn_services/obj_mgr/src/wlan_objmgr_peer_obj.o
  CC      drivers/staging/qcacld-3.0/../qca-wifi-host-cmn/umac/cmn_services/obj_mgr/src/wlan_objmgr_psoc_obj.o
  CC      drivers/staging/qcacld-3.0/../qca-wifi-host-cmn/umac/cmn_services/obj_mgr/src/wlan_objmgr_vdev_obj.o
  CC      drivers/staging/qcacld-3.0/../qca-wifi-host-cmn/umac/wifi_pos/src/wifi_pos_api.o
  CC      drivers/staging/qcacld-3.0/../qca-wifi-host-cmn/umac/wifi_pos/src/wifi_pos_main.o
  CC      drivers/staging/qcacld-3.0/../qca-wifi-host-cmn/umac/wifi_pos/src/wifi_pos_ucfg.o
  CC      drivers/staging/qcacld-3.0/../qca-wifi-host-cmn/umac/wifi_pos/src/wifi_pos_utils.o
  CC      drivers/staging/qcacld-3.0/../qca-wifi-host-cmn/os_if/linux/wifi_pos/src/os_if_wifi_pos.o
  CC      drivers/staging/qcacld-3.0/../qca-wifi-host-cmn/target_if/wifi_pos/src/target_if_wifi_pos.o
  CC      drivers/staging/qcacld-3.0/../qca-wifi-host-cmn/target_if/cp_stats/src/target_if_mc_cp_stats.o
  CC      drivers/staging/qcacld-3.0/../qca-wifi-host-cmn/umac/cp_stats/core/src/wlan_cp_stats_comp_handler.o
  CC      drivers/staging/qcacld-3.0/../qca-wifi-host-cmn/umac/cp_stats/core/src/wlan_cp_stats_obj_mgr_handler.o
  CC      drivers/staging/qcacld-3.0/../qca-wifi-host-cmn/umac/cp_stats/core/src/wlan_cp_stats_ol_api.o
  CC      drivers/staging/qcacld-3.0/../qca-wifi-host-cmn/os_if/linux/cp_stats/src/wlan_cfg80211_mc_cp_stats.o
  CC      drivers/staging/qcacld-3.0/../qca-wifi-host-cmn/umac/cp_stats/dispatcher/src/wlan_cp_stats_utils_api.o
  CC      drivers/staging/qcacld-3.0/../qca-wifi-host-cmn/umac/cp_stats/dispatcher/src/wlan_cp_stats_mc_tgt_api.o
  CC      drivers/staging/qcacld-3.0/../qca-wifi-host-cmn/umac/cp_stats/dispatcher/src/wlan_cp_stats_mc_ucfg_api.o
  CC      drivers/staging/qcacld-3.0/components/nan/core/src/nan_main.o
  CC      drivers/staging/qcacld-3.0/components/nan/core/src/nan_api.o
  CC      drivers/staging/qcacld-3.0/components/nan/dispatcher/src/nan_ucfg_api.o
  CC      drivers/staging/qcacld-3.0/components/nan/dispatcher/src/cfg_nan.o
  CC      drivers/staging/qcacld-3.0/components/target_if/nan/src/target_if_nan.o
  CC      drivers/staging/qcacld-3.0/os_if/nan/src/os_if_nan.o
  CC      drivers/staging/qcacld-3.0/../qca-wifi-host-cmn/umac/cmn_services/mgmt_txrx/core/src/wlan_mgmt_txrx_main.o
  CC      drivers/staging/qcacld-3.0/../qca-wifi-host-cmn/umac/cmn_services/mgmt_txrx/dispatcher/src/wlan_mgmt_txrx_utils_api.o
  CC      drivers/staging/qcacld-3.0/../qca-wifi-host-cmn/umac/cmn_services/mgmt_txrx/dispatcher/src/wlan_mgmt_txrx_tgt_api.o
  CC      drivers/staging/qcacld-3.0/components/tdls/core/src/wlan_tdls_main.o
  CC      drivers/staging/qcacld-3.0/components/tdls/core/src/wlan_tdls_cmds_process.o
  CC      drivers/staging/qcacld-3.0/components/tdls/core/src/wlan_tdls_peer.o
  CC      drivers/staging/qcacld-3.0/components/tdls/core/src/wlan_tdls_mgmt.o
  CC      drivers/staging/qcacld-3.0/components/tdls/core/src/wlan_tdls_ct.o
  CC      drivers/staging/qcacld-3.0/components/tdls/dispatcher/src/wlan_tdls_tgt_api.o
  CC      drivers/staging/qcacld-3.0/components/tdls/dispatcher/src/wlan_tdls_ucfg_api.o
  CC      drivers/staging/qcacld-3.0/components/tdls/dispatcher/src/wlan_tdls_utils_api.o
  CC      drivers/staging/qcacld-3.0/components/tdls/dispatcher/src/wlan_tdls_cfg.o
  CC      drivers/staging/qcacld-3.0/os_if/tdls/src/wlan_cfg80211_tdls.o
  CC      drivers/staging/qcacld-3.0/components/target_if/tdls/src/target_if_tdls.o
  CC      drivers/staging/qcacld-3.0/components/pmo/core/src/wlan_pmo_main.o
  CC      drivers/staging/qcacld-3.0/components/pmo/core/src/wlan_pmo_apf.o
  CC      drivers/staging/qcacld-3.0/components/pmo/core/src/wlan_pmo_arp.o
  CC      drivers/staging/qcacld-3.0/components/pmo/core/src/wlan_pmo_gtk.o
  CC      drivers/staging/qcacld-3.0/components/pmo/core/src/wlan_pmo_mc_addr_filtering.o
  CC      drivers/staging/qcacld-3.0/components/pmo/core/src/wlan_pmo_static_config.o
  CC      drivers/staging/qcacld-3.0/components/pmo/core/src/wlan_pmo_wow.o
  CC      drivers/staging/qcacld-3.0/components/pmo/core/src/wlan_pmo_lphb.o
  CC      drivers/staging/qcacld-3.0/components/pmo/core/src/wlan_pmo_suspend_resume.o
  CC      drivers/staging/qcacld-3.0/components/pmo/core/src/wlan_pmo_hw_filter.o
  CC      drivers/staging/qcacld-3.0/components/pmo/dispatcher/src/wlan_pmo_obj_mgmt_api.o
  CC      drivers/staging/qcacld-3.0/components/pmo/dispatcher/src/wlan_pmo_ucfg_api.o
  CC      drivers/staging/qcacld-3.0/components/pmo/dispatcher/src/wlan_pmo_tgt_arp.o
  CC      drivers/staging/qcacld-3.0/components/pmo/dispatcher/src/wlan_pmo_tgt_gtk.o
  CC      drivers/staging/qcacld-3.0/components/pmo/dispatcher/src/wlan_pmo_tgt_wow.o
  CC      drivers/staging/qcacld-3.0/components/pmo/dispatcher/src/wlan_pmo_tgt_static_config.o
  CC      drivers/staging/qcacld-3.0/components/pmo/dispatcher/src/wlan_pmo_tgt_mc_addr_filtering.o
  CC      drivers/staging/qcacld-3.0/components/pmo/dispatcher/src/wlan_pmo_tgt_lphb.o
  CC      drivers/staging/qcacld-3.0/components/pmo/dispatcher/src/wlan_pmo_tgt_suspend_resume.o
  CC      drivers/staging/qcacld-3.0/components/pmo/dispatcher/src/wlan_pmo_tgt_hw_filter.o
  CC      drivers/staging/qcacld-3.0/components/pmo/core/src/wlan_pmo_pkt_filter.o
  CC      drivers/staging/qcacld-3.0/components/pmo/dispatcher/src/wlan_pmo_tgt_pkt_filter.o
  CC      drivers/staging/qcacld-3.0/components/pmo/core/src/wlan_pmo_ns.o
  CC      drivers/staging/qcacld-3.0/components/pmo/dispatcher/src/wlan_pmo_tgt_ns.o
  CC      drivers/staging/qcacld-3.0/components/p2p/dispatcher/src/wlan_p2p_ucfg_api.o
  CC      drivers/staging/qcacld-3.0/components/p2p/dispatcher/src/wlan_p2p_tgt_api.o
  CC      drivers/staging/qcacld-3.0/components/p2p/dispatcher/src/wlan_p2p_cfg.o
  CC      drivers/staging/qcacld-3.0/components/p2p/dispatcher/src/wlan_p2p_api.o
  CC      drivers/staging/qcacld-3.0/components/p2p/core/src/wlan_p2p_main.o
  CC      drivers/staging/qcacld-3.0/components/p2p/core/src/wlan_p2p_roc.o
  CC      drivers/staging/qcacld-3.0/components/p2p/core/src/wlan_p2p_off_chan_tx.o
  CC      drivers/staging/qcacld-3.0/os_if/p2p/src/wlan_cfg80211_p2p.o
  CC      drivers/staging/qcacld-3.0/components/target_if/p2p/src/target_if_p2p.o
  CC      drivers/staging/qcacld-3.0/components/cmn_services/policy_mgr/src/wlan_policy_mgr_action.o
  CC      drivers/staging/qcacld-3.0/components/cmn_services/policy_mgr/src/wlan_policy_mgr_core.o
  CC      drivers/staging/qcacld-3.0/components/cmn_services/policy_mgr/src/wlan_policy_mgr_get_set_utils.o
  CC      drivers/staging/qcacld-3.0/components/cmn_services/policy_mgr/src/wlan_policy_mgr_init_deinit.o
  CC      drivers/staging/qcacld-3.0/components/cmn_services/policy_mgr/src/wlan_policy_mgr_ucfg.o
  CC      drivers/staging/qcacld-3.0/components/cmn_services/policy_mgr/src/wlan_policy_mgr_pcl.o
  CC      drivers/staging/qcacld-3.0/../qca-wifi-host-cmn/utils/logging/src/wlan_logging_sock_svc.o
  CC      drivers/staging/qcacld-3.0/../qca-wifi-host-cmn/utils/logging/src/wlan_roam_debug.o
  CC      drivers/staging/qcacld-3.0/../qca-wifi-host-cmn/utils/nlink/src/wlan_nlink_srv.o
  CC      drivers/staging/qcacld-3.0/../qca-wifi-host-cmn/utils/ptt/src/wlan_ptt_sock_svc.o
  CC      drivers/staging/qcacld-3.0/../qca-wifi-host-cmn/umac/cmn_services/serialization/src/wlan_serialization_main.o
  CC      drivers/staging/qcacld-3.0/../qca-wifi-host-cmn/umac/cmn_services/serialization/src/wlan_serialization_api.o
  CC      drivers/staging/qcacld-3.0/../qca-wifi-host-cmn/umac/cmn_services/serialization/src/wlan_serialization_utils.o
  CC      drivers/staging/qcacld-3.0/../qca-wifi-host-cmn/umac/cmn_services/serialization/src/wlan_serialization_legacy_api.o
  CC      drivers/staging/qcacld-3.0/../qca-wifi-host-cmn/umac/cmn_services/serialization/src/wlan_serialization_rules.o
  CC      drivers/staging/qcacld-3.0/../qca-wifi-host-cmn/umac/cmn_services/serialization/src/wlan_serialization_internal.o
  CC      drivers/staging/qcacld-3.0/../qca-wifi-host-cmn/umac/cmn_services/serialization/src/wlan_serialization_non_scan.o
  CC      drivers/staging/qcacld-3.0/../qca-wifi-host-cmn/umac/cmn_services/serialization/src/wlan_serialization_queue.o
  CC      drivers/staging/qcacld-3.0/../qca-wifi-host-cmn/umac/cmn_services/serialization/src/wlan_serialization_scan.o
  CC      drivers/staging/qcacld-3.0/core/pld/src/pld_common.o
  CC      drivers/staging/qcacld-3.0/core/pld/src/pld_pcie.o
  CC      drivers/staging/qcacld-3.0/../qca-wifi-host-cmn/umac/cmn_services/sm_engine/src/wlan_sm_engine.o
  CC      drivers/staging/qcacld-3.0/../qca-wifi-host-cmn/umac/mlme/mlme_objmgr/dispatcher/src/wlan_vdev_mlme_main.o
  CC      drivers/staging/qcacld-3.0/../qca-wifi-host-cmn/umac/mlme/vdev_mgr/core/src/vdev_mlme_sm.o
  CC      drivers/staging/qcacld-3.0/../qca-wifi-host-cmn/umac/mlme/vdev_mgr/dispatcher/src/wlan_vdev_mlme_api.o
  CC      drivers/staging/qcacld-3.0/../qca-wifi-host-cmn/umac/mlme/vdev_mgr/core/src/vdev_mgr_ops.o
  CC      drivers/staging/qcacld-3.0/../qca-wifi-host-cmn/umac/mlme/vdev_mgr/dispatcher/src/wlan_vdev_mgr_tgt_if_rx_api.o
  CC      drivers/staging/qcacld-3.0/../qca-wifi-host-cmn/umac/mlme/vdev_mgr/dispatcher/src/wlan_vdev_mgr_tgt_if_tx_api.o
  CC      drivers/staging/qcacld-3.0/../qca-wifi-host-cmn/umac/mlme/vdev_mgr/dispatcher/src/wlan_vdev_mgr_ucfg_api.o
  CC      drivers/staging/qcacld-3.0/../qca-wifi-host-cmn/umac/mlme/vdev_mgr/dispatcher/src/wlan_vdev_mgr_utils_api.o
  CC      drivers/staging/qcacld-3.0/../qca-wifi-host-cmn/umac/mlme/mlme_objmgr/dispatcher/src/wlan_cmn_mlme_main.o
  CC      drivers/staging/qcacld-3.0/../qca-wifi-host-cmn/umac/mlme/mlme_objmgr/dispatcher/src/wlan_pdev_mlme_main.o
  CC      drivers/staging/qcacld-3.0/../qca-wifi-host-cmn/umac/mlme/pdev_mgr/dispatcher/src/wlan_pdev_mlme_api.o
  CC      drivers/staging/qcacld-3.0/../qca-wifi-host-cmn/umac/mlme/mlme_objmgr/dispatcher/src/wlan_psoc_mlme_main.o
  CC      drivers/staging/qcacld-3.0/../qca-wifi-host-cmn/umac/mlme/psoc_mgr/dispatcher/src/wlan_psoc_mlme_api.o
  CC      drivers/staging/qcacld-3.0/components/mlme/core/src/wlan_mlme_main.o
  CC      drivers/staging/qcacld-3.0/components/mlme/dispatcher/src/wlan_mlme_api.o
  CC      drivers/staging/qcacld-3.0/components/mlme/dispatcher/src/wlan_mlme_ucfg_api.o
  CC      drivers/staging/qcacld-3.0/components/mlme/core/src/wlan_mlme_vdev_mgr_interface.o
  CC      drivers/staging/qcacld-3.0/components/fw_offload/dispatcher/src/wlan_fwol_ucfg_api.o
  CC      drivers/staging/qcacld-3.0/components/fw_offload/core/src/wlan_fw_offload_main.o
  CC      drivers/staging/qcacld-3.0/components/fw_offload/dispatcher/src/wlan_fwol_tgt_api.o
  CC      drivers/staging/qcacld-3.0/components/target_if/fw_offload/src/target_if_fwol.o
  CC      drivers/staging/qcacld-3.0/os_if/fw_offload/src/os_if_fwol.o
  CC      drivers/staging/qcacld-3.0/components/blacklist_mgr/core/src/wlan_blm_main.o
  CC      drivers/staging/qcacld-3.0/components/blacklist_mgr/core/src/wlan_blm_core.o
  CC      drivers/staging/qcacld-3.0/components/blacklist_mgr/dispatcher/src/wlan_blm_ucfg_api.o
  CC      drivers/staging/qcacld-3.0/components/blacklist_mgr/dispatcher/src/wlan_blm_tgt_api.o
  CC      drivers/staging/qcacld-3.0/../qca-wifi-host-cmn/utils/pktlog/pktlog_ac.o
  CC      drivers/staging/qcacld-3.0/../qca-wifi-host-cmn/utils/pktlog/pktlog_internal.o
  CC      drivers/staging/qcacld-3.0/../qca-wifi-host-cmn/utils/pktlog/linux_ac.o
  CC      drivers/staging/qcacld-3.0/../qca-wifi-host-cmn/utils/pktlog/pktlog_wifi3.o
  CC      drivers/staging/qcacld-3.0/../qca-wifi-host-cmn/utils/host_diag_log/src/host_diag_log.o
  CC      drivers/staging/qcacld-3.0/components/disa/core/src/wlan_disa_main.o
  CC      drivers/staging/qcacld-3.0/components/disa/dispatcher/src/wlan_disa_obj_mgmt_api.o
  CC      drivers/staging/qcacld-3.0/components/disa/dispatcher/src/wlan_disa_tgt_api.o
  CC      drivers/staging/qcacld-3.0/components/disa/dispatcher/src/wlan_disa_ucfg_api.o
  CC      drivers/staging/qcacld-3.0/components/action_oui/core/src/wlan_action_oui_main.o
  CC      drivers/staging/qcacld-3.0/components/action_oui/core/src/wlan_action_oui_parse.o
  CC      drivers/staging/qcacld-3.0/components/action_oui/dispatcher/src/wlan_action_oui_tgt_api.o
  CC      drivers/staging/qcacld-3.0/components/action_oui/dispatcher/src/wlan_action_oui_ucfg_api.o
  CC      drivers/staging/qcacld-3.0/../qca-wifi-host-cmn/umac/global_umac_dispatcher/lmac_if/src/wlan_lmac_if.o
  CC      drivers/staging/qcacld-3.0/../qca-wifi-host-cmn/umac/scan/core/src/wlan_scan_cache_db.o
  CC      drivers/staging/qcacld-3.0/../qca-wifi-host-cmn/umac/scan/core/src/wlan_scan_11d.o
  CC      drivers/staging/qcacld-3.0/../qca-wifi-host-cmn/umac/scan/core/src/wlan_scan_bss_score.o
  CC      drivers/staging/qcacld-3.0/../qca-wifi-host-cmn/umac/scan/core/src/wlan_scan_filter.o
  CC      drivers/staging/qcacld-3.0/../qca-wifi-host-cmn/umac/scan/core/src/wlan_scan_main.o
  CC      drivers/staging/qcacld-3.0/../qca-wifi-host-cmn/umac/scan/core/src/wlan_scan_manager.o
  CC      drivers/staging/qcacld-3.0/../qca-wifi-host-cmn/umac/scan/dispatcher/src/wlan_scan_tgt_api.o
  CC      drivers/staging/qcacld-3.0/../qca-wifi-host-cmn/umac/scan/dispatcher/src/wlan_scan_ucfg_api.o
  CC      drivers/staging/qcacld-3.0/../qca-wifi-host-cmn/umac/scan/dispatcher/src/wlan_scan_api.o
  CC      drivers/staging/qcacld-3.0/../qca-wifi-host-cmn/umac/scan/dispatcher/src/wlan_scan_utils_api.o
  CC      drivers/staging/qcacld-3.0/../qca-wifi-host-cmn/os_if/linux/scan/src/wlan_cfg80211_scan.o
  CC      drivers/staging/qcacld-3.0/../qca-wifi-host-cmn/os_if/linux/wlan_cfg80211.o
  CC      drivers/staging/qcacld-3.0/../qca-wifi-host-cmn/target_if/scan/src/target_if_scan.o
  CC      drivers/staging/qcacld-3.0/../qca-wifi-host-cmn/umac/cmn_services/utils/src/wlan_utility.o
  CC      drivers/staging/qcacld-3.0/../qca-wifi-host-cmn/wlan_cfg/wlan_cfg.o
  CC      drivers/staging/qcacld-3.0/../qca-wifi-host-cmn/spectral/core/spectral_offload.o
  CC      drivers/staging/qcacld-3.0/../qca-wifi-host-cmn/spectral/core/spectral_common.o
  CC      drivers/staging/qcacld-3.0/../qca-wifi-host-cmn/spectral/dispatcher/src/wlan_spectral_ucfg_api.o
  CC      drivers/staging/qcacld-3.0/../qca-wifi-host-cmn/spectral/dispatcher/src/wlan_spectral_utils_api.o
  CC      drivers/staging/qcacld-3.0/../qca-wifi-host-cmn/spectral/dispatcher/src/wlan_spectral_tgt_api.o
  CC      drivers/staging/qcacld-3.0/../qca-wifi-host-cmn/os_if/linux/spectral/src/wlan_cfg80211_spectral.o
  CC      drivers/staging/qcacld-3.0/../qca-wifi-host-cmn/os_if/linux/spectral/src/os_if_spectral_netlink.o
  CC      drivers/staging/qcacld-3.0/../qca-wifi-host-cmn/target_if/spectral/target_if_spectral_netlink.o
  CC      drivers/staging/qcacld-3.0/../qca-wifi-host-cmn/target_if/spectral/target_if_spectral_phyerr.o
  CC      drivers/staging/qcacld-3.0/../qca-wifi-host-cmn/target_if/spectral/target_if_spectral.o
  CC      drivers/staging/qcacld-3.0/../qca-wifi-host-cmn/target_if/spectral/target_if_spectral_sim.o
  CC      drivers/staging/qcacld-3.0/../qca-wifi-host-cmn/target_if/direct_buf_rx/src/target_if_direct_buf_rx_api.o
  CC      drivers/staging/qcacld-3.0/../qca-wifi-host-cmn/target_if/direct_buf_rx/src/target_if_direct_buf_rx_main.o
  CC      drivers/staging/qcacld-3.0/../qca-wifi-host-cmn/wmi/src/wmi_unified_dbr_api.o
  CC      drivers/staging/qcacld-3.0/../qca-wifi-host-cmn/wmi/src/wmi_unified_dbr_tlv.o
  CC      drivers/staging/qcacld-3.0/../qca-wifi-host-cmn/umac/green_ap/core/src/wlan_green_ap_main.o
  CC      drivers/staging/qcacld-3.0/../qca-wifi-host-cmn/umac/green_ap/dispatcher/src/wlan_green_ap_api.o
  CC      drivers/staging/qcacld-3.0/../qca-wifi-host-cmn/umac/green_ap/dispatcher/src/wlan_green_ap_ucfg_api.o
  CC      drivers/staging/qcacld-3.0/../qca-wifi-host-cmn/target_if/green_ap/src/target_if_green_ap.o
  CC      drivers/staging/qcacld-3.0/../qca-wifi-host-cmn/umac/cmn_services/crypto/src/wlan_crypto_global_api.o
  CC      drivers/staging/qcacld-3.0/../qca-wifi-host-cmn/umac/cmn_services/crypto/src/wlan_crypto_ucfg_api.o
  CC      drivers/staging/qcacld-3.0/../qca-wifi-host-cmn/umac/cmn_services/crypto/src/wlan_crypto_main.o
  CC      drivers/staging/qcacld-3.0/../qca-wifi-host-cmn/umac/cmn_services/crypto/src/wlan_crypto_obj_mgr.o
  CC      drivers/staging/qcacld-3.0/../qca-wifi-host-cmn/umac/cmn_services/crypto/src/wlan_crypto_param_handling.o
  CC      drivers/staging/qcacld-3.0/../qca-wifi-host-cmn/dp/wifi3.0/dp_main.o
  CC      drivers/staging/qcacld-3.0/../qca-wifi-host-cmn/dp/wifi3.0/dp_tx.o
  CC      drivers/staging/qcacld-3.0/../qca-wifi-host-cmn/dp/wifi3.0/dp_tx_desc.o
  CC      drivers/staging/qcacld-3.0/../qca-wifi-host-cmn/dp/wifi3.0/dp_rx.o
  CC      drivers/staging/qcacld-3.0/../qca-wifi-host-cmn/dp/wifi3.0/dp_rx_err.o
  CC      drivers/staging/qcacld-3.0/../qca-wifi-host-cmn/dp/wifi3.0/dp_htt.o
  CC      drivers/staging/qcacld-3.0/../qca-wifi-host-cmn/dp/wifi3.0/dp_peer.o
  CC      drivers/staging/qcacld-3.0/../qca-wifi-host-cmn/dp/wifi3.0/dp_rx_desc.o
  CC      drivers/staging/qcacld-3.0/../qca-wifi-host-cmn/dp/wifi3.0/dp_reo.o
  CC      drivers/staging/qcacld-3.0/../qca-wifi-host-cmn/dp/wifi3.0/dp_rx_mon_dest.o
  CC      drivers/staging/qcacld-3.0/../qca-wifi-host-cmn/dp/wifi3.0/dp_rx_mon_status.o
  CC      drivers/staging/qcacld-3.0/../qca-wifi-host-cmn/dp/wifi3.0/dp_rx_defrag.o
  CC      drivers/staging/qcacld-3.0/../qca-wifi-host-cmn/dp/wifi3.0/dp_mon_filter.o
  CC      drivers/staging/qcacld-3.0/../qca-wifi-host-cmn/dp/wifi3.0/dp_stats.o
  CC      drivers/staging/qcacld-3.0/../qca-wifi-host-cmn/target_if/dp/src/target_if_dp.o
  CC      drivers/staging/qcacld-3.0/../qca-wifi-host-cmn/dp/wifi3.0/dp_tx_flow_control.o
  CC      drivers/staging/qcacld-3.0/../qca-wifi-host-cmn/dp/wifi3.0/dp_wdi_event.o
  CC      drivers/staging/qcacld-3.0/core/dp/txrx3.0/dp_txrx.o
  CC      drivers/staging/qcacld-3.0/core/dp/txrx3.0/dp_rx_thread.o
  AR      drivers/staging/qcacld-3.0/built-in.a
  AR      drivers/staging/built-in.a
  AR      drivers/built-in.a
  GEN     .version
  CHK     include/generated/compile.h
  AR      built-in.a
  MODPOST vmlinux.o
  KSYM    .tmp_kallsyms1.o
  KSYM    .tmp_kallsyms2.o
  LD      vmlinux
  SORTEX  vmlinux
  SYSMAP  System.map
  OBJCOPY arch/arm64/boot/Image
  Building modules, stage 2.
  MODPOST 6 modules
  CC      drivers/media/usb/gspca/gspca_main.mod.o
  CC      net/ipv4/tcp_bic.mod.o
  CC      net/ipv4/tcp_htcp.mod.o
  CC      net/ipv4/tcp_westwood.mod.o
  CC      techpack/data/drivers/rmnet/perf/rmnet_perf.mod.o
  CC      techpack/data/drivers/rmnet/shs/rmnet_shs.mod.o
  LD [M]  net/ipv4/tcp_westwood.ko
  LD [M]  net/ipv4/tcp_bic.ko
  LD [M]  techpack/data/drivers/rmnet/shs/rmnet_shs.ko
  LD [M]  techpack/data/drivers/rmnet/perf/rmnet_perf.ko
  LD [M]  net/ipv4/tcp_htcp.ko
  LD [M]  drivers/media/usb/gspca/gspca_main.ko
